id,domain,status,purchase_price,renewal_price,attractiveness,demand,length,registrar,created_at,expires_at,status_verified_at
6f67a081-0560-4d0c-84c7-7bd3e192569e,msa.hair,available,1.8,21.98,high,low,3,namecheap,,,28/09/2026 03:30
4cf1665c-cd95-4b98-b67e-8190a90bf497,legislative.hair,available,1.99,17.29,high,low,11,namesilo,,,01/10/2026 07:23
3499c6d4-116b-4e13-a3aa-f75d80f13a02,reid.hair,premium,845,845,high,low,4,namecheap,,,25/09/2026 10:17
75072a53-c7b4-48bf-8055-44f68396df6d,iliac.hair,available,1.8,19.98,medium,low,5,namecheap,,,21/08/2026 18:45
22277a3b-8fdb-4424-8d49-d3437b8cec02,simultaneous.hair,available,1.99,17.29,high,low,12,namesilo,,,30/09/2026 06:08
c5267dc6-d5f7-4ce2-9364-3416d3caec81,adrenaline.hair,available,1.99,17.29,high,low,10,namesilo,,,17/09/2026 09:55
12409e69-e911-42b0-861f-772774ea613b,metre.hair,available,1.99,17.29,high,low,5,namesilo,,,25/09/2026 15:57
9afe4d1e-2992-4b84-b688-da5c482c4d66,sexes.hair,available,1.99,14.45,high,low,5,dynadot,,,01/10/2026 15:53
7b1501bf-83d2-4394-a397-5cbc2345d268,thrashing.hair,available,1.8,21.98,medium,low,9,namecheap,,,13/09/2026 07:54
9f08991c-1206-4ced-83a5-bb7b86211dc5,outs.hair,available,1.99,14.45,medium,low,4,dynadot,,,30/09/2026 07:29
7040d818-29e1-4543-92c9-f77d177ec3b2,flank.hair,available,1.8,21.98,medium,low,5,namecheap,,,28/09/2026 19:13
1ee332e5-367a-48c5-b939-9f99c680b4b5,devolve.hair,available,1.8,19.98,medium,low,7,namecheap,,,13/08/2026 23:59
2d16294f-20a3-4c4e-a2bb-b8834fb72458,roquette.hair,available,1.99,17.29,high,medium,8,namesilo,,,20/09/2026 12:07
b255dcc8-3fb1-4cc7-833a-8e825e98f86c,inventing.hair,available,1.99,14.45,medium,low,9,dynadot,,,02/10/2026 02:11
fafcd31d-3db7-48eb-a0e1-14de4d349773,lds.hair,available,1.24,13.97,high,low,3,spaceship,,,28/09/2026 08:25
09f2938a-c5a0-4bab-877b-d04b53b9a42b,dolorous.hair,available,1.8,19.98,medium,low,8,namecheap,,,14/08/2026 15:30
eb9d3d18-344d-457c-b357-00986933ee2a,gdp.hair,available,1.99,17.29,high,low,3,namesilo,,,25/09/2026 06:24
8a5933e7-162a-418c-b8a8-d6a0b3f85a93,twisting.hair,available,1.8,21.98,high,low,8,namecheap,,,11/09/2026 21:52
c4350405-8d55-4407-8deb-30639302c29f,unmade.hair,available,1.8,21.98,medium,low,6,namecheap,,,12/09/2026 15:15
3782821b-35ab-4ae2-9331-e0f11e8ec2fa,cheyenne.hair,available,1.8,21.98,high,low,8,namecheap,,,24/09/2026 12:34
3fc88534-2516-4e92-9e00-df36a4d9b724,shining.hair,resell,,,high,low,7,Atom.com Domains LLC,06/09/2026 21:20,06/09/2027 23:59,26/09/2026 08:59
aff8bf4d-e3fa-4b97-9803-02f534a3a067,cortlandt.hair,available,1.8,21.98,medium,low,9,namecheap,,,30/09/2026 22:25
6a9c2e4f-925f-49ff-8044-30dd016ab56c,neighbor.hair,available,1.24,13.97,high,low,8,spaceship,,,30/09/2026 05:34
b9f2ba4c-0999-469d-9dfb-08d4d27b639a,sown.hair,available,1.8,21.98,high,medium,4,namecheap,,,10/09/2026 15:01
15bb19cd-5b15-41d6-9b41-eba021a2ae17,dreyfus.hair,available,1.8,21.98,medium,low,7,namecheap,,,18/09/2026 06:30
e3fa811d-fd4a-468a-9f79-908756b0f1bd,primacy.hair,available,1.24,13.97,high,low,7,spaceship,,,01/10/2026 03:21
fb0847c9-1f99-43f8-8bc9-203341916051,sakharov.hair,available,1.8,21.98,medium,low,8,namecheap,,,19/09/2026 04:30
6b503d89-1210-43d0-a906-4f99fba1a783,impatient.hair,available,1.8,19.98,medium,low,9,namecheap,,,21/08/2026 21:53
9b3e4ffd-b2dd-4814-a1e2-4766de2c9506,anaphor.hair,available,1.99,17.29,medium,low,7,namesilo,,,19/09/2026 02:12
1b7feb3d-e63d-4755-8910-f81367262d01,cranes.hair,available,1.99,25.99,medium,low,6,godaddy,,,01/10/2026 00:39
80d6f6dd-8881-4d2b-b13e-669441719cf4,think.hair,premium,2660,2660,high,medium,5,namesilo,,,19/09/2026 06:38
71768df3-4eff-4f10-9bfa-92c032667599,feculent.hair,available,1.8,19.98,low,low,8,namecheap,,,18/08/2026 00:32
c3c9847c-c8e3-4dee-ae55-9c91f1860f9c,blogger.hair,premium,2600,2600,high,high,7,namecheap,,,29/09/2026 17:59
c5cb138c-dc05-4866-8b6b-4fd5de981ac5,moto.hair,premium,2070.2,2070.2,high,medium,4,spaceship,,,30/09/2026 11:59
9e295b8b-db27-40ad-98bd-df2b531163f4,override.hair,available,1.99,14.45,high,low,8,dynadot,,,29/09/2026 01:46
83f569c4-c44a-4726-875b-c78c8c030d91,shahid.hair,available,1.24,13.97,medium,low,6,spaceship,,,02/10/2026 18:39
14ea74c4-743e-4077-8248-5346e5ef1128,february.hair,available,1.54,14.21,high,low,8,porkbun,,,29/09/2026 19:03
25b20eb7-54c9-4b50-a321-28bf6dedbd73,villain.hair,available,1.8,21.98,high,low,7,namecheap,,,21/09/2026 16:58
1ad736b4-cd2d-4d6e-8567-7d1a5778e36f,richer.hair,available,1.99,17.29,medium,low,6,namesilo,,,29/09/2026 05:28
ff33429f-86be-4fec-8424-f81f65577a83,cones.hair,available,1.99,17.29,high,low,5,namesilo,,,30/09/2026 15:18
ff51709f-ec50-4f69-b776-f2d6368a6e8c,spherical.hair,available,1.8,19.98,high,low,9,namecheap,,,08/08/2026 10:21
6c7b54d7-5e85-42f8-af4e-b03b8e26304e,oedipus.hair,available,1.8,21.98,medium,low,7,namecheap,,,03/10/2026 01:25
bab2a8f6-7106-46eb-9e00-155a654b3bb4,recreation.hair,available,1.54,14.21,medium,low,10,porkbun,,,01/10/2026 15:30
9706c9b0-969d-489e-808e-feed4be17495,defect.hair,available,1.99,17.29,high,low,6,namesilo,,,24/09/2026 05:34
501b305d-d387-4ad9-8e84-4554b229dab9,posing.hair,available,1.8,21.98,high,low,6,namecheap,,,10/09/2026 08:59
f984cd62-ee84-4234-b174-d61b4d25f6bc,referent.hair,available,1.8,21.98,high,medium,8,namecheap,,,09/09/2026 12:35
7b9ca5e6-3ef9-46cb-8720-2b7a3f0b07f4,penis.hair,available,1.99,17.29,high,low,5,namesilo,,,30/09/2026 06:36
29b84f0e-b824-44b1-b45b-c536fea8c5d9,hires.hair,available,1.99,17.29,high,low,5,namesilo,,,30/09/2026 05:35
59338f7f-b87c-4962-b6d6-d3d50a59ab60,varsity.hair,available,1.24,13.97,high,medium,7,spaceship,,,30/09/2026 01:38
96195f29-429f-4afe-b91d-b9adcce0d773,origin.hair,premium,2600,2600,high,low,6,namecheap,,,08/09/2026 13:23
9bf755b5-31e9-4ccf-8dbb-9c8991a4f111,excavate.hair,available,1.8,19.98,high,low,8,namecheap,,,21/08/2026 10:33
fbbecf4e-270c-427f-ae84-cd454a85135e,adelie.hair,available,1.8,21.98,medium,low,6,namecheap,,,17/09/2026 07:17
5a7e38ba-fa00-4429-b534-6522a0592517,mimetic.hair,available,1.8,19.98,medium,low,7,namecheap,,,24/08/2026 23:27
d9e94f3a-7e20-4917-9d10-4aea1dd992bc,kpa.hair,available,1.99,17.29,medium,low,3,namesilo,,,28/09/2026 16:13
f692c261-d2d7-4d87-86d6-2ea1436cdf2b,armed.hair,available,1.99,17.29,high,low,5,namesilo,,,22/09/2026 07:55
ef7a16e5-cb6e-4094-b26f-228ca5957201,armchair.hair,available,1.99,17.29,high,low,8,namesilo,,,20/09/2026 06:33
421162f5-6a65-4f07-95cc-6eaa9c1babca,zodiacal.hair,available,1.8,21.98,medium,low,8,namecheap,,,13/09/2026 15:23
b946c0de-4e4d-4eef-9fc1-3d7e5a712e29,downturn.hair,available,1.99,17.29,medium,low,8,namesilo,,,24/09/2026 23:42
312b429a-7cb3-4d4b-9915-103027ec41a6,tbsp.hair,available,1.8,21.98,medium,low,4,namecheap,,,18/09/2026 08:20
46c06add-c59e-4f08-aac6-dad15cd78720,eastside.hair,available,1.8,19.98,high,low,8,namecheap,,,14/08/2026 22:58
e00dbc1a-b974-45b8-afba-870b94413c47,lawns.hair,available,1.99,17.29,medium,low,5,namesilo,,,02/10/2026 03:26
e3f182d3-b79e-443a-b043-fe61500aa3bc,approaching.hair,available,1.99,17.29,high,low,11,namesilo,,,25/09/2026 11:21
1f70823d-fc83-4d0e-858d-f81d495ff008,hesitation.hair,available,1.99,17.29,high,low,10,namesilo,,,24/09/2026 16:28
77584ac1-e310-454d-bc9a-b2d8286868bb,beasts.hair,available,1.24,13.97,low,low,6,spaceship,,,28/09/2026 23:05
88b38379-06b3-4d8f-87cd-e898d75a927a,albright.hair,available,1.24,13.97,medium,low,8,spaceship,,,28/09/2026 12:24
38b3c316-5acf-4dd4-a7c9-295f8aed226a,march.hair,available,1.99,14.45,high,high,5,dynadot,,,29/09/2026 03:44
bfb0b5ab-1f2a-474e-87fb-12c9baf5c5dd,corporeal.hair,available,1.8,19.98,medium,low,9,namecheap,,,13/08/2026 01:54
88cc1da7-ce51-4873-a20e-a90ddf0a4a53,motorsport.hair,available,1.8,21.98,high,low,10,namecheap,,,17/09/2026 06:38
21689a89-4584-4415-8cbd-c95c60839996,syntactic.hair,available,1.8,21.98,medium,low,9,namecheap,,,11/09/2026 06:39
b0eb7535-b68d-4d5c-9000-938066510844,isn.hair,available,1.99,25.99,high,low,3,godaddy,,,30/09/2026 02:01
504ce217-708a-40ba-8d53-439d1c153180,stretcher.hair,available,1.8,21.98,high,low,9,namecheap,,,30/09/2026 16:46
6c47f43a-2efe-4905-bcc5-a425f65e5b8b,patron.hair,premium,2600,2600,high,low,6,namecheap,,,28/09/2026 14:14
2119dddd-0683-4988-88de-228b45019a37,helene.hair,available,1.99,17.29,medium,low,6,namesilo,,,28/09/2026 12:07
34a097d6-4045-4d1c-8a4f-d17e279af8dd,paulina.hair,available,1.24,13.97,high,low,7,spaceship,,,30/09/2026 20:13
f73fdb58-4a85-4221-b6f9-0d0d94f6fa1f,amongst.hair,available,1.99,25.99,medium,low,7,godaddy,,,01/10/2026 00:29
356ff1b2-8c92-40b6-aa98-7b4d7d39d4a1,its.hair,resell,,,high,medium,3,Dynadot Inc,10/02/2026 15:41,10/02/2027 23:59,02/10/2026 15:12
32d4dfdb-f5b6-4428-a385-7869ab6c7bf6,socialist.hair,available,1.8,21.98,high,low,9,namecheap,,,10/09/2026 13:19
7b16fc3e-02b0-46a6-a64c-20f1cac77723,warn.hair,available,1.99,17.29,high,low,4,namesilo,,,28/09/2026 03:18
eb1f38ed-0ec1-408d-b7b8-eec57f2e50ce,derogative.hair,available,1.8,19.98,medium,low,10,namecheap,,,14/08/2026 03:10
d6103523-3c3c-42d2-ae88-c6262e57f28f,diptera.hair,available,1.8,21.98,high,low,7,namecheap,,,30/09/2026 17:00
b7a01672-8b8d-40dd-bc1e-de88f1aea1db,undiscovered.hair,available,1.99,14.45,high,low,12,dynadot,,,02/10/2026 21:34
344707db-adbb-485c-b3b4-87dd16124d40,scratchy.hair,available,1.65,15.75,medium,low,8,namesilo,,,
69049262-d69f-4535-a821-307b1c0e3803,united.hair,premium,2660,2660,high,medium,6,namesilo,,,25/09/2026 11:56
43cf86cb-95e4-465a-b76b-0706933d6980,harden.hair,available,1.99,17.29,medium,low,6,namesilo,,,02/10/2026 06:44
2bda425b-8d5e-478e-8276-da53a0d1db86,pva.hair,available,1.24,13.97,high,low,3,spaceship,,,30/09/2026 18:22
e3ed2a20-775b-41c7-9d4e-def501f448bc,sintered.hair,available,1.8,21.98,medium,low,8,namecheap,,,10/09/2026 08:34
9a759264-b027-49d8-8e7f-aaf365e9559a,conflicted.hair,available,1.99,14.45,medium,low,10,dynadot,,,01/10/2026 07:28
667fb55b-6ae9-4886-9c93-375e4a9c8138,cracked.hair,available,1.99,17.29,high,low,7,namesilo,,,22/09/2026 01:30
b3dec4c7-e2ee-47d0-82aa-525e6b3e56dc,hammering.hair,available,1.24,13.97,high,low,9,spaceship,,,01/10/2026 02:23
260739e7-21f0-4226-9788-859bc59733e4,acceptive.hair,available,1.65,15.75,medium,low,9,namesilo,,,
005a205e-3b8c-4617-b335-32dc75ebe674,regiment.hair,available,1.99,14.45,medium,low,8,dynadot,,,28/09/2026 20:17
5ba434d0-6a6b-4564-8002-61cf027ea47c,unmarried.hair,available,1.8,21.98,medium,low,9,namecheap,,,12/09/2026 15:26
d375b339-4048-4e69-b8c1-d7826ef86c4d,hustler.hair,premium,2070.2,2070.2,medium,low,7,spaceship,,,30/09/2026 17:21
31bb6356-bd99-4092-937c-c1af5ae5a705,benzene.hair,available,1.99,17.29,high,low,7,namesilo,,,23/09/2026 08:52
5902d958-64e1-4d5d-8555-72dbceb061ab,knowledgeable.hair,available,1.99,17.29,high,low,13,namesilo,,,29/09/2026 08:34
8fda61fc-3553-4920-bbe9-c1b4830f81db,bosomed.hair,available,1.8,19.98,medium,low,7,namecheap,,,10/08/2026 20:23
93ed6c79-8598-49dd-a0ef-5157348060df,tappan.hair,available,1.99,17.29,medium,low,6,namesilo,,,20/09/2026 11:08
673cbc6d-a5f5-4a78-b56d-f4e7d98ff58c,brainsick.hair,available,1.8,19.98,low,low,9,namecheap,,,11/08/2026 01:45
9447d6b7-a720-4236-95d7-796a33a2c351,inhibited.hair,available,1.8,19.98,medium,low,9,namecheap,,,22/08/2026 05:07
bc9e85af-bf7c-4a2a-8f59-4228890eb744,whitten.hair,available,1.99,17.29,medium,low,7,namesilo,,,30/09/2026 04:15
1fc41873-b439-421f-9146-e06ea34a3894,recovering.hair,available,1.99,17.29,high,low,10,namesilo,,,23/09/2026 22:44
9746164f-8e98-49c8-a79f-0fb8c82eac1c,sadie.hair,premium,715,715,medium,low,5,dynadot,,,28/09/2026 16:29
bd5dec85-074a-4095-acba-05d81017287d,caring.hair,available,1.99,17.29,high,low,6,namesilo,,,23/09/2026 13:03
595c0ef0-67c7-4b64-aa5b-fa3662a83106,lockout.hair,available,1.24,13.97,medium,low,7,spaceship,,,03/10/2026 01:31
3ce419a3-f5fb-4273-b233-4742f35d3586,rigged.hair,available,1.8,21.98,medium,low,6,namecheap,,,09/09/2026 17:25
a22d93a6-23b9-4ec3-80df-367dc978d9cc,apertures.hair,available,1.24,13.97,medium,low,9,spaceship,,,30/09/2026 07:45
dc424039-9e76-4e0b-9ee1-acd2cd4ac7c2,snarl.hair,available,1.8,19.98,medium,low,5,namecheap,,,24/08/2026 16:56
d55e3422-1223-4f01-b18e-3a377ca2ee13,bezel.hair,available,1.99,17.29,medium,low,5,namesilo,,,23/09/2026 12:19
20bc1e8e-8ed3-4465-a0a5-e9ee7d98b3ca,reliant.hair,available,1.8,21.98,high,low,7,namecheap,,,09/09/2026 13:35
a6220b45-0b64-4427-b7fa-7d0f0774e631,scag.hair,available,1.99,17.29,medium,low,4,namesilo,,,23/09/2026 14:40
0ac406a5-013f-4896-b74f-9b52efcb35a4,phan.hair,premium,832,832,high,low,4,namesilo,,,01/10/2026 23:21
32fd57a6-ca5e-45fb-b776-74c6fa1ab5e6,obligations.hair,available,1.99,17.29,low,low,11,namesilo,,,29/09/2026 05:17
3eb27ae8-718e-4ef0-8c36-e6e40e5587fc,holotype.hair,available,1.99,17.29,high,low,8,namesilo,,,25/09/2026 23:08
fae84c10-477a-4d05-8ab4-957bfad323e4,lemonade.hair,available,1.99,17.29,high,low,8,namesilo,,,29/09/2026 01:34
af521a35-63a4-44b3-9e98-d108e8c16a76,sutures.hair,available,1.24,13.97,medium,low,7,spaceship,,,01/10/2026 18:00
3c7c77ad-75dc-4e18-9677-8cd5ee4b5ae8,stunned.hair,available,1.99,17.29,high,low,7,namesilo,,,22/09/2026 03:44
0ede335e-3417-4af1-9cdb-abbeb4f17823,candidly.hair,available,1.8,21.98,high,low,8,namecheap,,,14/09/2026 05:06
bac51461-2e66-488e-ac95-fdad3db029e5,shitlist.hair,available,1.99,17.29,medium,low,8,namesilo,,,24/09/2026 00:19
9eec4640-63a5-46d7-9900-920d229892e2,auriga.hair,available,1.99,17.29,medium,low,6,namesilo,,,21/09/2026 04:24
b61203cc-5e76-4433-958c-2ff4b807b036,surrender.hair,available,1.99,17.29,high,low,9,namesilo,,,28/09/2026 11:23
069aef70-1fc5-46ea-b3a1-390dd6106632,toda.hair,available,1.99,17.29,medium,low,4,namesilo,,,03/10/2026 02:16
abfd8127-fb50-4af8-a6a6-a2b7323f086d,engineers.hair,available,1.24,13.97,high,low,9,spaceship,,,30/09/2026 21:06
eaf7e236-781f-40cb-8078-e78c86f72f03,tress.hair,available,1.99,17.29,high,low,5,namesilo,,,24/09/2026 07:57
8dc490e4-513d-41a0-a05b-95d02836b8ef,stolid.hair,available,1.8,19.98,medium,low,6,namecheap,,,21/08/2026 21:51
4dda052c-324b-4f72-913d-ccee2119f446,tempest.hair,available,1.99,17.29,high,low,7,namesilo,,,01/10/2026 21:55
dba108f8-0258-421e-8d40-a40d9a18e1a2,scream.hair,available,1.99,17.29,high,low,6,namesilo,,,27/09/2026 18:35
122a8612-2972-4743-85f5-fd1e0a5ca364,hof.hair,available,1.54,14.21,high,low,3,porkbun,,,30/09/2026 19:41
ea03a34f-36fb-4178-85d6-4409ca0491ec,lengthy.hair,available,1.8,19.98,medium,low,7,namecheap,,,14/08/2026 18:32
f2f57ff7-241a-4426-a0a0-78687ad17b09,ablaut.hair,available,1.8,21.98,medium,low,6,namecheap,,,16/09/2026 16:06
ad829ca6-03b1-45fd-a602-22eaa5a38514,suggest.hair,available,1.99,17.29,high,low,7,namesilo,,,29/09/2026 22:49
e3ee033b-02ff-46f3-9980-24823f399e7d,disappearance.hair,available,1.99,17.29,medium,low,13,namesilo,,,28/09/2026 04:24
3466846b-f5be-42c4-9990-23787380c3cc,israelite.hair,available,1.99,17.29,medium,low,9,namesilo,,,29/09/2026 01:21
40cf8268-137e-4ad8-b1f9-4436f85030f7,eloquent.hair,available,1.8,19.98,high,low,8,namecheap,,,16/08/2026 06:14
85849df9-0afb-4734-861e-90db19f23466,cecile.hair,available,1.24,13.97,medium,low,6,spaceship,,,03/10/2026 04:56
265f850a-3afb-42a6-977c-4d3e7ba23771,violins.hair,available,1.8,21.98,medium,low,7,namecheap,,,02/10/2026 13:24
2e7a3b4a-ef12-49ba-a0b3-15b3061524d8,monologue.hair,available,1.54,14.21,high,low,9,porkbun,,,30/09/2026 10:35
2dea3d46-cc90-4ea0-a338-5c435293b243,magnetized.hair,available,1.8,19.98,medium,low,10,namecheap,,,24/08/2026 13:04
0a6c78fd-7375-4e7d-8853-98863a744fc6,pressed.hair,available,1.99,17.29,high,low,7,namesilo,,,27/09/2026 05:21
9ef90e5b-6c08-4d3e-b45c-df2895e8a2bb,beau.hair,available,1.99,20.99,high,low,4,name.com,,,13/08/2026 17:13
7eee47bf-12c8-439d-9d7b-f88cd4ef16c1,wehrmacht.hair,available,1.8,21.98,medium,low,9,namecheap,,,28/09/2026 16:22
7a517de1-e233-4f3b-8767-92cd24d67f59,refundable.hair,available,1.24,13.97,high,low,10,spaceship,,,02/10/2026 00:56
e3018e83-00ff-4df7-b2b9-3bc2083a5c57,cinematic.hair,available,1.8,19.98,high,low,9,namecheap,,,12/08/2026 08:13
133cda95-bff3-4d03-b87b-cda25be1ddab,delphic.hair,available,1.8,19.98,medium,low,7,namecheap,,,14/08/2026 00:46
f1cc9100-6968-462b-92d8-9e5ac581f806,highbrow.hair,available,1.8,19.98,medium,low,8,namecheap,,,21/08/2026 09:09
4cc25897-85c0-4bd5-ba08-39fe11f9e3c3,echoes.hair,available,1.8,21.98,medium,low,6,namecheap,,,19/09/2026 20:18
1d175872-3b93-4e51-a7d1-ca612cae7c2a,pots.hair,available,1.99,17.29,high,low,4,namesilo,,,28/09/2026 16:57
0aec7f05-4b1b-4fc4-8b17-1dae855b6ae5,kao.hair,available,1.99,14.45,medium,low,3,dynadot,,,30/09/2026 13:44
b5d2e798-cad6-417f-bdac-bb20e828d288,episodes.hair,available,1.8,21.98,medium,low,8,namecheap,,,29/09/2026 11:24
016dd79c-7407-4563-a809-9eaaaa231522,winning.hair,available,1.99,17.29,high,low,7,namesilo,,,24/09/2026 17:37
14fd7ecb-b459-483b-b881-edc99de66674,measured.hair,available,1.8,19.98,high,low,8,namecheap,,,11/08/2026 13:59
a4420c87-2ece-477e-b3eb-992d768b1a4e,superman.hair,available,1.24,13.97,high,low,8,spaceship,,,29/09/2026 00:15
4b205f88-016b-472c-a5ee-28bcaf6ed35c,vines.hair,available,1.99,17.29,medium,low,5,namesilo,,,29/09/2026 23:04
48ffaed8-2da9-4b43-8d47-6b8d16c6d54d,commemorative.hair,available,1.99,14.45,medium,low,13,dynadot,,,01/10/2026 06:13
1adc421d-2eee-4dda-b003-fba4dc9fa707,warmly.hair,available,1.8,21.98,high,low,6,namecheap,,,13/09/2026 08:17
30a5634c-2017-4b67-b42e-0805b3c057f1,sinless.hair,available,1.8,19.98,medium,low,7,namecheap,,,21/08/2026 21:57
b7b6da02-69f0-4ea6-ad59-86c7f5d6da14,curved.hair,available,1.8,19.98,high,low,6,namecheap,,,13/08/2026 11:47
d2ff0ee0-ccc3-4bd0-8489-861d6071e7f5,husayn.hair,available,1.24,13.97,medium,low,6,spaceship,,,30/09/2026 10:12
5e6f098f-35b3-483d-85b0-ae378f4e86f9,sec.hair,available,1.99,17.29,high,low,3,namesilo,,,27/09/2026 19:20
dd01eafb-a5f3-4b8e-b311-14585b722e1b,laramie.hair,available,1.24,13.97,medium,low,7,spaceship,,,28/09/2026 14:40
c2858802-2e2e-4c2d-9a02-8c3e6993f177,operationally.hair,available,1.24,13.97,medium,low,13,spaceship,,,29/09/2026 17:55
86200f99-38f8-49e5-a034-d43e8ce7b371,indigenous.hair,available,1.8,19.98,high,low,10,namecheap,,,07/08/2026 19:31
6da62939-a9e8-4e1e-9005-fa8c639efc8b,brush.hair,premium,2660,2660,high,low,5,namesilo,,,29/09/2026 04:48
e83747a9-e396-42f9-bc97-9b446a032060,lawsuits.hair,available,1.99,17.29,medium,low,8,namesilo,,,29/09/2026 11:39
048184d6-eaf1-4e6f-aa2b-67e77f7c4676,squid.hair,available,1.99,17.29,high,low,5,namesilo,,,29/09/2026 06:11
31d1c8eb-21ec-4f6c-a0ee-1e613d52d5c1,counteract.hair,available,1.99,17.29,high,low,10,namesilo,,,03/10/2026 00:13
aa9c1e48-2e9b-4352-9885-f5d6f6ba4132,vladivostok.hair,available,1.24,13.97,high,low,11,spaceship,,,29/09/2026 15:13
59b74783-2699-4f43-aa31-e0b6798293b6,chester.hair,available,1.24,13.97,high,low,7,spaceship,,,28/09/2026 01:40
7729f508-3bbf-4028-8d6d-9d5ed9bd710c,hereabouts.hair,available,1.8,21.98,medium,low,10,namecheap,,,15/09/2026 00:20
fc871dec-a00d-4705-9526-5854b46c390b,regain.hair,available,1.24,13.97,high,low,6,spaceship,,,29/09/2026 02:45
66c62090-e99b-4bd9-a6c0-e749ca401e08,send.hair,available,1.99,17.29,high,medium,4,namesilo,,,29/09/2026 04:28
77a566f5-71eb-4144-b817-d0953345392b,plague.hair,available,1.24,13.97,medium,low,6,spaceship,,,29/09/2026 02:58
eb052e7d-6a31-40f6-a5b3-be04a6f5211d,axolotl.hair,available,1.99,17.29,high,low,7,namesilo,,,18/09/2026 17:37
a0b42722-ab67-4e73-b89f-ea28a3675125,ees.hair,available,1.99,17.29,medium,low,3,namesilo,,,02/10/2026 02:49
97f8efef-e505-4403-9918-39c06b16e038,meigs.hair,available,1.8,21.98,medium,low,5,namecheap,,,30/09/2026 05:37
b003fd73-2208-44a6-8bc5-bf7aa3fa75b0,conjoin.hair,available,1.8,21.98,high,low,7,namecheap,,,13/09/2026 09:37
ad14e67f-9b50-4ecd-8617-0b8c60bdbd18,severed.hair,available,1.99,20.99,medium,low,7,name.com,,,13/08/2026 12:32
210df5e6-7625-4e96-8703-5966e9205130,employs.hair,available,1.8,21.98,medium,low,7,namecheap,,,02/10/2026 03:29
d4869d0c-28d7-4f11-9380-04c318efc7a6,murmured.hair,available,1.99,17.29,medium,low,8,namesilo,,,18/09/2026 02:23
a8b84e57-efe0-407c-95e1-e48646722769,tory.hair,available,1.99,14.45,high,low,4,dynadot,,,01/10/2026 21:59
d16badd1-7829-4bed-a7d5-48ff37bd58ec,mojave.hair,available,1.24,13.97,high,low,6,spaceship,,,28/09/2026 19:54
747e655e-074b-401b-b895-b2e85fcaaa8b,crummy.hair,available,1.8,19.98,medium,low,6,namecheap,,,11/08/2026 09:02
bc8dd936-a1d5-4f7c-a9d0-ff774212b938,albemarle.hair,premium,2660,2660,high,medium,9,namesilo,,,28/09/2026 22:21
ffa2986a-9eaa-45d7-8fa5-e20716eb1f9a,luciano.hair,available,1.99,17.29,medium,low,7,namesilo,,,29/09/2026 05:56
7ef0204d-83c9-4b3e-a59b-14a41af5753b,attar.hair,available,1.8,21.98,medium,low,5,namecheap,,,20/09/2026 19:21
19584446-82a4-4c89-8306-3569a35e857c,loudly.hair,available,1.8,19.98,medium,low,6,namecheap,,,18/08/2026 12:25
b47878e8-9d8b-40d4-86e6-cf5a4d5e87c2,phallic.hair,available,1.8,21.98,medium,low,7,namecheap,,,08/09/2026 18:31
e3d8fe3c-c7a5-4e60-801e-7f27da6165c0,realizing.hair,available,1.54,10.87,medium,low,9,porkbun,,,28/09/2026 23:15
86f10e78-1b64-4b21-aefc-22bd1ab37b5a,about.hair,premium,2660,2660,high,low,5,namesilo,,,21/09/2026 14:03
7e02c46d-6203-4eab-aa94-cf7d0660990b,ferris.hair,available,1.99,17.29,medium,low,6,namesilo,,,28/09/2026 22:04
bc563b84-727e-4c6d-b012-a204ec0647d7,blurred.hair,available,1.8,21.98,medium,low,7,namecheap,,,22/09/2026 23:21
e017f566-b031-4b3c-9196-ee61945b00da,baronial.hair,available,1.8,19.98,medium,low,8,namecheap,,,08/08/2026 20:11
211eaec9-d63e-43d9-b228-015c66202376,consequent.hair,available,1.65,15.75,high,low,10,namesilo,,,
c558bc36-13f1-4190-a616-bf0d354ba042,patently.hair,available,1.8,21.98,medium,low,8,namecheap,,,08/09/2026 20:24
03ac53f2-d719-4f18-acf6-236a7aa03c55,cosmo.hair,resell,,,high,high,5,,,,02/10/2026 18:14
90fa6693-6a7f-4a30-bb8f-22dcd1d6c808,childish.hair,available,1.8,19.98,high,low,8,namecheap,,,12/08/2026 05:02
7dab48d1-e521-45f8-bde8-2e0cf8fcacfe,winifred.hair,available,1.99,17.29,medium,low,8,namesilo,,,28/09/2026 21:52
01e2b6ed-f156-4f0b-8e54-dc53ad2a3df7,dependency.hair,available,1.99,17.29,medium,low,10,namesilo,,,17/09/2026 06:56
c7bec69b-b335-480d-b2a6-2c9c6406791a,topics.hair,available,1.99,17.29,medium,low,6,namesilo,,,30/09/2026 14:57
c6839a98-16fd-4a2f-a8ce-870a7ae05959,again.hair,resell,,,medium,low,5,"Spaceship, Inc.",02/06/2026 21:07,02/06/2027 23:59,28/09/2026 11:49
3dafd9d8-b9f7-4ecc-a736-0caee927b262,party.hair,premium,2660,2660,high,medium,5,namesilo,,,19/09/2026 09:39
bee51cbf-01c2-433b-abe3-47098d192cc8,mutinous.hair,available,1.8,21.98,medium,low,8,namecheap,,,03/09/2026 11:55
8d2c8ca2-3914-4e27-94d0-b91dd235d408,barra.hair,available,1.24,13.97,medium,low,5,spaceship,,,30/09/2026 19:26
1e1cb6ae-cdb8-4ae8-99b6-de5a5d91219f,appoint.hair,available,1.99,17.29,high,low,7,namesilo,,,30/09/2026 15:13
f0a95754-bee0-4942-9312-77e594624251,omissive.hair,available,1.8,21.98,medium,low,8,namecheap,,,04/09/2026 02:28
faea3f9c-df46-4ea0-9628-ef82ccd9ea3b,handing.hair,available,1.24,13.97,medium,low,7,spaceship,,,28/09/2026 11:31
6ae0c76f-fc21-4c3c-881b-7133580e1a01,lp.hair,premium,832,832,high,low,3,namesilo,,,30/09/2026 01:45
26908489-4c5b-45df-9d4c-47374554518b,chichi.hair,available,1.8,19.98,high,low,6,namecheap,,,12/08/2026 04:46
cf37ecc7-bedd-4034-a8c1-7a00eeab93b1,saddled.hair,available,1.8,21.98,high,medium,7,namecheap,,,09/09/2026 20:41
12b5afbd-2267-4733-a6fd-119438e2bf1f,incursive.hair,available,1.8,19.98,medium,low,9,namecheap,,,22/08/2026 02:09
ca03e04a-4a86-4aae-bf36-0caed8cafe50,columbo.hair,available,1.8,21.98,medium,low,7,namecheap,,,18/09/2026 19:32
73fc1c83-3628-464d-8b1f-e0de26c2a1a0,unlearned.hair,available,1.8,19.98,medium,low,9,namecheap,,,21/08/2026 18:31
83f8bbcf-0dc8-4065-afc2-6a24763876d9,burnley.hair,available,1.99,17.29,medium,low,7,namesilo,,,29/09/2026 15:51
728f782c-5502-495b-b14c-cb9a22557a22,foretell.hair,available,1.8,21.98,high,low,8,namecheap,,,21/09/2026 03:34
3dde2691-7a7b-42c9-919e-b2fd1860255f,wieland.hair,available,1.99,17.29,medium,low,7,namesilo,,,03/10/2026 02:22
757a2d10-a329-46fc-a6ad-a6eb377428ea,refreshed.hair,available,1.99,17.29,high,low,9,namesilo,,,25/09/2026 11:08
65cc86bc-06a1-4d5f-89dd-d4c77b41546a,pms.hair,available,1.24,13.97,high,low,3,spaceship,,,02/10/2026 16:24
876c2c7d-6d93-4bd7-8d6d-9ad2efa3fa0a,hoarse.hair,available,1.8,19.98,medium,low,6,namecheap,,,21/08/2026 10:10
642d79a6-51f5-42f6-a746-930f22d2c71b,vespucci.hair,available,1.99,20.99,high,low,8,name.com,,,18/09/2026 21:04
4f692e7b-540b-4876-a0ff-1c4492ff1f08,compliant.hair,available,1.99,17.29,high,low,9,namesilo,,,23/09/2026 17:44
9090b087-df0a-4043-95ab-9be09960b2bf,sadness.hair,available,1.24,13.97,high,low,7,spaceship,,,30/09/2026 03:34
c16a22ec-cdbe-461a-960f-9357c4207149,pompon.hair,available,1.8,21.98,medium,low,6,namecheap,,,19/09/2026 09:36
63b0d048-f5a6-4b69-8371-be9d2015a70b,coke.hair,premium,2660,2660,high,low,4,namesilo,,,27/09/2026 03:32
1483c41c-afd0-4683-8f70-1b05b6ed6bba,apeldoorn.hair,available,1.99,17.29,medium,low,9,namesilo,,,19/09/2026 16:24
189df97d-37b3-4da0-96e4-b6fc7d667146,neva.hair,available,1.24,13.97,high,low,4,spaceship,,,30/09/2026 18:10
2f64a5a1-e19f-4e85-93aa-ae38ac064c3a,intriguing.hair,available,1.8,21.98,high,low,10,namecheap,,,25/09/2026 10:52
76c18d94-d97e-4459-837c-444a5fc1b6bd,transforming.hair,available,1.24,13.97,high,low,12,spaceship,,,29/09/2026 23:19
7bbc5409-93fd-4381-81d3-c38b2d2d7b98,complement.hair,available,1.99,17.29,high,low,10,namesilo,,,29/09/2026 10:29
a98c0f55-82f0-402d-83c2-1681adc4d727,adopted.hair,available,1.65,15.75,high,low,7,namesilo,,,
bc7ed7ed-9b87-4e36-aa5c-84a64b0eeaa1,misused.hair,available,1.8,19.98,medium,low,7,namecheap,,,25/08/2026 01:56
b6dc2c59-0d85-4a62-8ecd-b37d93d76568,pellet.hair,available,1.99,17.29,high,low,6,namesilo,,,02/10/2026 16:23
79dcc501-0d70-43b3-8ab9-82260ba72b10,thayer.hair,available,1.99,14.45,medium,low,6,dynadot,,,28/09/2026 08:07
2e2187e1-f420-4dcf-8a4f-072aade6df81,swot.hair,available,1.8,19.98,medium,low,4,namecheap,,,10/08/2026 18:21
c8c6d6aa-21c2-49b6-b362-91acaec23449,cited.hair,available,1.24,13.97,high,low,5,spaceship,,,30/09/2026 19:27
18b8056a-eb9f-4a96-b319-9766e0fe26bb,regimental.hair,available,1.8,21.98,high,medium,10,namecheap,,,09/09/2026 12:54
1ca7d017-03e7-4f6e-a3e1-bdc5bc5173f0,betelgeuse.hair,available,1.99,17.29,medium,low,10,namesilo,,,18/09/2026 13:39
ec325138-aea8-4793-a74f-db1b692954e6,weismann.hair,available,1.8,21.98,high,low,8,namecheap,,,21/09/2026 03:48
d61672f8-d275-4e55-a5c1-63cf5c29aab1,nightclub.hair,available,1.99,17.29,high,low,9,namesilo,,,29/09/2026 00:18
611a3908-0f1c-49b4-aeec-fa9083303007,livelihood.hair,available,1.24,13.97,high,low,10,spaceship,,,29/09/2026 00:16
45e08a3d-87dc-4a7f-b739-259bf107cada,ogden.hair,available,1.99,17.29,medium,low,5,namesilo,,,25/09/2026 03:51
df89282f-bab8-41fb-9b20-41a512c6d8d9,caller.hair,available,1.8,19.98,high,low,6,namecheap,,,11/08/2026 14:28
0db791f8-8c34-4471-ad58-e7ef06984b13,accumulation.hair,available,1.99,17.29,high,low,12,namesilo,,,30/09/2026 22:26
22ccad2c-9df9-4b9e-9bd8-e843a1035ace,ropy.hair,available,1.8,21.98,high,medium,4,namecheap,,,09/09/2026 18:37
7039e155-bc19-491e-a92a-7383fb693ea5,wrexham.hair,available,1.24,13.97,medium,low,7,spaceship,,,02/10/2026 08:27
e6380722-9305-4e13-a861-441a527da301,crossing.hair,available,1.99,17.29,high,low,8,namesilo,,,27/09/2026 03:30
db33f447-f993-41e9-a84c-e126f16339fb,slouchy.hair,available,1.99,17.29,medium,low,7,namesilo,,,19/09/2026 04:23
7d7ca254-ce15-4de9-b052-f5a534cef606,tomlinson.hair,available,1.24,13.97,medium,low,9,spaceship,,,28/09/2026 12:15
cd89e635-5f1a-417a-8c98-a66fd687af54,potbelly.hair,available,1.99,17.29,medium,low,8,namesilo,,,22/09/2026 17:43
e25b0461-19bb-4a88-adde-62dadf1f6d51,agrestic.hair,available,1.8,19.98,medium,low,8,namecheap,,,
43e8233e-622e-4844-b360-244e409f930d,dps.hair,available,1.99,17.29,high,low,3,namesilo,,,01/10/2026 07:57
c89626b5-cebf-4cd4-954e-b38fbdab7307,actinon.hair,available,1.65,15.75,medium,low,7,namesilo,,,
92589371-cb9a-4d7c-b1dd-b201ddb13186,fribourg.hair,available,1.24,13.97,medium,low,8,spaceship,,,02/10/2026 08:24
cc2ebe73-58ce-4fcc-8984-f48de71c68bc,lineal.hair,available,1.8,19.98,medium,low,6,namecheap,,,23/08/2026 14:16
3b5593b3-e630-4a99-bce9-fc0dce79ff4d,paints.hair,available,1.99,14.45,medium,low,6,dynadot,,,29/09/2026 05:51
c0fa05af-18bb-42e1-b768-b7250eaea337,teachers.hair,available,1.8,21.98,high,low,8,namecheap,,,18/09/2026 18:31
962f8de2-b09f-4962-b2e9-912e8fdb97d9,filling.hair,available,1.99,17.29,high,low,7,namesilo,,,25/09/2026 22:48
e0087930-8d7d-4e9f-81cd-0d39782f5575,barbarian.hair,available,1.8,19.98,medium,low,9,namecheap,,,08/08/2026 15:26
d5851625-908b-4f95-a9b3-fc8af262c7f0,auspex.hair,available,1.99,17.29,medium,low,6,namesilo,,,21/09/2026 03:22
dd4bb84a-8ea9-47e9-9362-af74645cf5ea,bilimbi.hair,available,1.99,17.29,medium,low,7,namesilo,,,21/09/2026 09:13
b01fb706-372d-46bc-a270-3f5c26b5d0c4,hostesses.hair,available,1.99,17.29,medium,low,9,namesilo,,,20/09/2026 07:50
33090ca3-c4ae-4190-8229-9ac15fc6c554,untrustworthy.hair,available,1.65,15.75,medium,low,13,namesilo,,,
23ae7ed7-8b4a-4419-a0d2-5155561d5b42,organize.hair,available,1.99,17.29,high,low,8,namesilo,,,23/09/2026 23:13
47103872-f0cd-4063-aff2-2789db63b1aa,cherubic.hair,available,1.8,19.98,high,low,8,namecheap,,,12/08/2026 04:25
2898673a-cb10-4c68-a330-695109f197f0,qualities.hair,available,1.24,13.97,medium,low,9,spaceship,,,28/09/2026 08:30
2de15748-a152-404c-9cf3-0f7ca26c4e3d,uncertainty.hair,available,1.24,13.97,medium,low,11,spaceship,,,29/09/2026 16:17
854e9cda-dc13-4d13-9d02-69e3b9ded795,singletree.hair,available,1.99,,medium,low,11,name.com,,,
a0a393e6-5362-4a31-8524-9bf180cced7c,patchy.hair,available,1.8,21.98,medium,low,6,namecheap,,,08/09/2026 10:20
fee4acb1-6398-4f62-8add-717a52c4ed02,anise.hair,available,1.99,20.99,high,low,5,name.com,,,19/09/2026 09:24
87c8fe36-5a18-47a3-8bbe-7b3e162129e1,hmm.hair,available,1.99,17.29,high,low,3,namesilo,,,01/10/2026 04:54
a082d3e8-5a52-4ec2-82cb-4696bae02e1f,nissan.hair,premium,2200,2200,high,high,6,dynadot,,,28/09/2026 06:28
f01ebad6-8eb8-43a8-b71b-80a40c9baa7a,gathers.hair,available,1.99,17.29,low,low,7,namesilo,,,02/10/2026 11:58
d12adf89-81f8-4990-a9c9-8f5ac4f16349,meanwhile.hair,available,1.8,21.98,high,low,9,namecheap,,,25/09/2026 10:13
768b0be7-38f4-45a6-947f-5eb534115da1,slavonic.hair,available,1.8,21.98,high,low,8,namecheap,,,10/09/2026 10:34
d6c4d8c5-2f09-4993-bdf8-bb3eb14286ac,gaunt.hair,available,1.8,19.98,medium,low,5,namecheap,,,10/08/2026 18:54
b21cc537-5f07-4af6-b2ac-dbc13175a24a,brow.hair,premium,832,832,high,low,4,namesilo,,,29/09/2026 04:36
57185585-f1d7-4147-985a-427368b8ea7a,bluestem.hair,available,1.99,17.29,medium,low,8,namesilo,,,19/09/2026 04:58
974fa388-92d1-4d1d-913d-f3723c1e7b0c,cloze.hair,available,1.8,19.98,medium,low,5,namecheap,,,12/08/2026 12:54
d6766504-579e-491f-ba80-4d5e2c496bbb,hebei.hair,available,1.24,13.97,high,low,5,spaceship,,,30/09/2026 01:51
b1e4db84-4719-481c-8a1e-0d21ea9ee46e,preparing.hair,available,1.99,17.29,high,low,9,namesilo,,,27/09/2026 06:40
f1da632e-6bfa-4767-940a-815799b29941,leadville.hair,available,1.24,13.97,medium,low,9,spaceship,,,02/10/2026 21:00
9573b202-a99e-4708-8853-0d43630f41f5,chemist.hair,available,1.99,17.29,high,low,7,namesilo,,,19/09/2026 19:39
71008b9d-fc2c-4cbd-bd39-0f1defd17c67,formicary.hair,available,1.99,17.29,medium,low,9,namesilo,,,19/09/2026 13:26
dda17049-bb8f-4bf2-983e-72e1d211becc,binder.hair,available,1.8,21.98,high,low,6,namecheap,,,23/09/2026 17:10
60405e47-2f45-40bd-90e7-4a8f8f70c7fa,astrometry.hair,available,1.8,21.98,medium,low,10,namecheap,,,20/09/2026 17:53
befb9433-e324-4f59-ad19-d4b77a1541f1,corridors.hair,available,1.54,14.21,medium,low,9,porkbun,,,30/09/2026 15:34
7ac14daa-4dd9-481a-b4d9-e0745adf94ba,housekeeper.hair,available,1.99,17.29,high,low,11,namesilo,,,28/09/2026 11:27
4a9996a2-70dc-498f-a28c-57da7eaa5a63,sanctioned.hair,available,1.8,19.98,medium,low,10,namecheap,,,06/08/2026 09:24
b8b7ffd1-a09b-4352-a80d-c03051503e1a,scrapped.hair,available,1.24,13.97,low,low,8,spaceship,,,30/09/2026 23:46
49816bf6-57e1-4ebf-bde2-0414d18ebfb9,practicing.hair,available,1.99,17.29,high,low,10,namesilo,,,01/10/2026 23:50
0ce851c2-2f25-4683-8575-9f5d7bc768a5,voluntarily.hair,available,1.99,17.29,high,low,11,namesilo,,,01/10/2026 05:44
3d151223-e018-4cf9-8149-58de951d853c,ports.hair,available,1.8,21.98,high,low,5,namecheap,,,29/09/2026 09:54
eeed0ff9-d17f-4ded-a85a-505535534751,unquiet.hair,available,1.8,21.98,medium,low,7,namecheap,,,12/09/2026 17:40
bbceb431-5381-419c-a9bd-b9d6a32f4971,latter.hair,available,1.8,21.98,high,low,6,namecheap,,,25/09/2026 13:08
7e5dca18-65e7-40d8-b271-237ccea59380,abnormality.hair,available,1.8,21.98,medium,low,11,namecheap,,,02/10/2026 11:02
95b7998a-7138-4660-87a2-b7b1b4e1794f,suture.hair,available,1.99,17.29,high,low,6,namesilo,,,03/10/2026 00:44
5421ac90-6553-4123-94c8-e8173f52c425,addax.hair,available,1.99,17.29,medium,low,5,namesilo,,,17/09/2026 06:40
9cc295a6-dd21-4177-9f23-d2b9a1b28ba0,rousing.hair,available,1.8,21.98,high,medium,7,namecheap,,,09/09/2026 19:05
fc0a04b9-1557-4b21-bd3c-780799eb4da8,bitter.hair,available,1.65,15.75,high,low,6,namesilo,,,
ce5719cf-bdb1-4515-9eeb-bfea570d9512,newfangled.hair,available,1.8,21.98,high,low,10,namecheap,,,03/09/2026 16:46
19c85ad4-30b1-411c-8289-9712284de5fb,pest.hair,available,1.24,13.97,medium,low,4,spaceship,,,28/09/2026 18:26
0b22d655-a93f-4cd2-9378-a9b3f272dab2,yourself.hair,available,1.99,17.29,high,low,8,namesilo,,,25/09/2026 12:53
fbf1b204-534a-40ad-b8d0-8ddaf5f336a6,buttercup.hair,available,1.99,17.29,high,low,9,namesilo,,,24/09/2026 11:18
8cd67674-3368-46b4-984e-19f983c81575,squire.hair,available,1.99,17.29,high,low,6,namesilo,,,29/09/2026 08:07
ca1a8291-193e-4cea-b61b-ab1dee798787,indate.hair,available,1.54,14.21,medium,low,7,porkbun,,,02/10/2026 21:13
93751539-9517-468e-9053-00ef187c8653,pressure.hair,available,1.8,21.98,high,low,8,namecheap,,,24/09/2026 23:12
142daf57-72b4-4982-a70b-d2c6db4b4dbd,corporal.hair,available,1.8,19.98,high,low,8,namecheap,,,13/08/2026 01:52
82daaa45-2888-496b-b1ae-e28369740271,let.hair,available,1.54,14.21,high,low,3,porkbun,,,28/09/2026 22:10
7ae0ff87-86c4-4151-8b33-ae9eb39f1bc3,peritoneal.hair,available,1.8,21.98,medium,low,10,namecheap,,,08/09/2026 17:25
648f5cbb-cfda-4b6b-9619-553023510ea2,karen.hair,premium,832,832,high,low,5,namesilo,,,25/09/2026 08:08
052d66e7-656f-4dc0-8d88-5ea6bf60c723,tangent.hair,available,1.54,10.84,high,low,7,porkbun,,,01/10/2026 04:00
24dcc383-e04d-439f-8cfb-90d0147b524a,humanlike.hair,available,1.8,19.98,medium,low,9,namecheap,,,
a9472125-a091-4cc5-bab8-00a2ec408910,ageratum.hair,available,1.99,17.29,medium,low,8,namesilo,,,17/09/2026 17:22
7ca71161-1bb2-445e-8a30-1372e4f3791d,pink.hair,premium,2600,2600,high,low,4,namecheap,,,27/09/2026 03:47
7f8c1100-18a7-4ada-a4eb-be3f9d986913,unlit.hair,available,1.8,21.98,medium,low,5,namecheap,,,12/09/2026 13:03
572bc08c-3274-4a6b-a3a2-cd4f62e5e922,entire.hair,available,1.8,19.98,high,low,6,namecheap,,,17/08/2026 09:57
21b21cc8-5c62-423f-9123-f06fbb2124c8,speakable.hair,available,1.8,21.98,high,medium,9,namecheap,,,10/09/2026 15:22
9fd19938-6033-4422-91b4-7249e4d7e853,hike.hair,available,1.8,21.98,high,low,4,namecheap,,,24/09/2026 07:18
43973c96-7c22-466a-b89b-4f93a69258fe,amply.hair,available,1.8,21.98,medium,low,5,namecheap,,,13/09/2026 19:37
1dbfb8db-a103-4b9c-822a-3d11faef6945,anglesea.hair,available,1.99,17.29,medium,low,8,namesilo,,,19/09/2026 06:27
96790ffb-2b0e-4bf2-b1ef-d27a06e29c41,mixing.hair,available,1.24,13.97,high,low,6,spaceship,,,29/09/2026 10:24
a9701405-628c-4e42-9b66-c7d65a92cacb,palmy.hair,available,1.8,19.98,medium,low,5,namecheap,,,10/08/2026 19:15
b3554170-14c2-4784-ab8d-118c66e014a5,smooth.hair,premium,812.5,812.5,high,low,6,name.com,,,24/09/2026 20:14
65f037c3-e516-48b1-bd65-61243437fdc4,carcass.hair,available,1.24,13.97,medium,low,7,spaceship,,,01/10/2026 18:54
c908cb65-3d74-4c51-92fc-8275959d2855,difficult.hair,available,1.99,17.29,high,low,9,namesilo,,,24/09/2026 08:14
f26f1c46-06c8-4a08-a588-d3e924239acc,thwack.hair,available,1.8,21.98,medium,low,6,namecheap,,,16/09/2026 02:47
8da4066a-68e5-4f6f-b3c5-dc4e2dec49ff,dusty.hair,available,1.8,19.98,medium,low,5,namecheap,,,14/08/2026 21:35
36c74293-85d7-4813-be90-b65578f6525a,coats.hair,available,1.99,17.29,high,low,5,namesilo,,,17/09/2026 00:23
0622a187-f7b8-4de5-8398-45036c2dea08,drawings.hair,available,1.54,14.21,medium,low,8,porkbun,,,28/09/2026 13:09
ff504981-f585-43cf-b9d8-18e3bbbb372b,habitual.hair,available,1.8,19.98,high,low,8,namecheap,,,20/08/2026 21:28
444a3e3a-5a9f-4c76-ae96-271d32a9628d,anyhow.hair,available,1.8,21.98,medium,low,6,namecheap,,,13/09/2026 20:11
ada27b53-ef78-4b02-8656-8d059b8128b2,exhaustive.hair,available,1.8,19.98,medium,low,10,namecheap,,,17/08/2026 17:08
39470b8d-913a-4881-8172-ba19b6b199cd,looker.hair,available,1.8,19.98,high,low,6,namecheap,,,22/08/2026 16:48
efa85366-5e89-4f7b-a200-2693b7921a61,misha.hair,available,1.99,17.29,high,low,5,namesilo,,,03/10/2026 04:42
2325ed9e-7fe4-4e62-ac84-e29a4b9c654d,quentin.hair,available,1.99,17.29,medium,low,7,namesilo,,,27/09/2026 01:36
2ea2a2aa-c7d7-4cef-ad4d-b1f65321cb26,mep.hair,available,1.99,17.29,high,low,3,namesilo,,,30/09/2026 11:32
75e23ea1-ea90-4eb8-9e1f-8c2d782cd763,accordant.hair,available,1.65,15.75,high,low,9,namesilo,,,
62cf7c57-d17c-4c08-85c6-173f269f2bbb,classified.hair,available,1.99,17.29,high,low,10,namesilo,,,19/09/2026 14:44
3fc0044b-b798-4156-b63e-5fd725b21d3e,grit.hair,available,1.8,21.98,high,low,4,namecheap,,,30/09/2026 17:31
43416aa0-0f90-4adf-8746-273235ad7aa6,mosquito.hair,available,1.99,17.29,medium,low,8,namesilo,,,30/09/2026 05:20
2291cf79-9a08-4b8e-a325-d4bb83b04945,nizam.hair,available,1.99,17.29,high,low,5,namesilo,,,01/10/2026 06:54
615c79ff-cc55-43ce-947c-9bd50b72380a,playing.hair,available,1.99,17.29,high,low,7,namesilo,,,02/10/2026 00:28
7638d016-53e5-420b-a4fc-6dbb5cbbcdf9,denny.hair,available,1.99,17.29,high,low,5,namesilo,,,25/09/2026 15:22
d7f55a0b-9061-4b3f-9d57-390e530748dd,concentric.hair,available,1.8,19.98,high,low,10,namecheap,,,12/08/2026 19:57
ab622c24-ea69-46d0-8aa9-0383657930ec,danielson.hair,available,1.8,21.98,medium,low,9,namecheap,,,01/10/2026 14:28
27ca811f-15da-48be-92ad-104969e6688d,chian.hair,available,1.8,19.98,medium,low,5,namecheap,,,12/08/2026 04:34
959be0c4-ace7-4675-b035-079fc06fe008,capitalize.hair,available,1.24,13.97,high,low,10,spaceship,,,30/09/2026 17:00
c5e06443-646c-43c9-9c46-53796ed63531,hardcover.hair,available,1.8,19.98,high,low,9,namecheap,,,21/08/2026 00:44
31a426d9-090d-4c20-ade5-79a31d1c8cef,coyle.hair,available,1.99,17.29,medium,low,5,namesilo,,,30/09/2026 05:31
f4723534-5111-4886-8f42-f9b058f22a19,horny.hair,premium,2500,2500,high,low,5,name.com,,,13/08/2026 01:41
688dd2bb-59e2-41eb-b3d2-774364d5590c,hopkinson.hair,available,1.24,13.97,medium,low,9,spaceship,,,02/10/2026 04:57
04fcfcdc-b0a7-46c0-8da3-782835c6a118,whiteboard.hair,available,1.24,13.97,high,low,10,spaceship,,,30/09/2026 23:47
3e5655d0-9f1f-451a-bd30-5bbc55715243,dominance.hair,available,1.24,13.97,high,low,9,spaceship,,,28/09/2026 22:25
28fa6f97-4780-4c8e-9bdf-015acaeff210,canadiens.hair,available,1.99,17.29,medium,low,9,namesilo,,,30/09/2026 13:32
1c49cccd-1a0d-4a16-b04c-91921c7a2f0f,inclined.hair,available,1.24,13.97,medium,low,8,spaceship,,,28/09/2026 21:12
309a111b-ac9c-49b1-9855-e4d802b79b8b,thereby.hair,available,1.99,17.29,medium,low,7,namesilo,,,16/09/2026 08:39
8b3492ee-0ea5-44b5-9d95-d94f2e8df8e1,bordering.hair,available,1.99,17.29,high,low,9,namesilo,,,30/09/2026 12:10
2dfb08fc-6181-4349-8f7b-2433df1f655a,creator.hair,available,1.99,17.29,high,medium,7,namesilo,,,22/09/2026 01:50
ce2463bc-66de-4894-89fa-7449aea1b7de,predicted.hair,available,1.99,17.29,medium,low,9,namesilo,,,28/09/2026 23:02
c7de8b5c-1e51-4e81-b55f-f49f307b500c,timelines.hair,available,1.99,17.29,medium,low,9,namesilo,,,02/10/2026 03:51
c6b2a56a-08c9-4ffb-935f-af984e494442,mono.hair,premium,2500,2500,high,medium,4,name.com,,,25/09/2026 21:33
1b418d92-6e8e-4475-8c24-c24b38bb2522,revered.hair,available,1.8,21.98,high,low,7,namecheap,,,27/09/2026 14:02
c372b560-1b5e-4d0f-8d26-5af642a51801,autocracy.hair,available,1.99,17.29,medium,low,9,namesilo,,,21/09/2026 06:08
d299419f-7cf1-4faa-811b-1b97272076ce,gusts.hair,available,1.99,17.29,medium,low,5,namesilo,,,20/09/2026 20:54
b4951409-ce09-42c1-9b7c-ce0b52cca80e,gnomic.hair,available,1.8,19.98,medium,low,6,namecheap,,,20/08/2026 15:44
782b7376-9a66-42f3-bdc4-7ece084b63d0,myalgic.hair,available,1.8,21.98,medium,low,7,namecheap,,,03/09/2026 11:57
94f5de40-e5c6-490f-bfdd-322535ab816b,verb.hair,premium,2600,2600,high,low,4,namecheap,,,30/09/2026 14:26
f693948a-8b3b-424e-9bd4-44136487a2fb,overriding.hair,available,1.8,21.98,high,low,10,namecheap,,,04/09/2026 21:39
31a7e052-b113-430a-ac32-d3e803b61917,won.hair,available,1.99,17.29,high,low,3,namesilo,,,28/09/2026 10:43
0fbca32c-6249-44a0-a507-e84d56d6f022,biotite.hair,available,1.8,21.98,medium,low,7,namecheap,,,23/09/2026 19:13
4b84daf9-f32e-49d7-9f41-85b06406e2c6,treadmill.hair,available,1.99,17.29,high,low,9,namesilo,,,03/10/2026 02:17
a24e1263-b4b8-4e93-ac6e-923da7b86b04,sewed.hair,available,1.8,21.98,medium,low,5,namecheap,,,10/09/2026 05:05
67a96c35-abd7-434b-9bc8-33da91de6c1d,foreigners.hair,available,1.99,17.29,low,low,10,namesilo,,,28/09/2026 23:22
2a3835b8-13d6-4ef8-ab18-ec35e2614497,elise.hair,available,1.24,13.97,medium,low,5,spaceship,,,28/09/2026 21:52
5f80ffd0-1ce9-4aa4-978b-8ba95f7ba80a,warehouse.hair,available,1.99,17.29,high,low,9,namesilo,,,27/09/2026 06:03
efc922a9-9f69-475b-a9e8-2e2a0f96c21e,arethusa.hair,available,1.99,17.29,medium,low,8,namesilo,,,20/09/2026 04:04
2500aac2-6217-4c9b-9758-dcabc167ae32,lennox.hair,premium,2200,2200,high,medium,6,dynadot,,,28/09/2026 07:59
59ad4359-65a4-46e8-8a2c-5cead8b547a1,arendt.hair,available,1.99,17.29,medium,low,6,namesilo,,,20/09/2026 03:43
7f3a86b9-f4f3-4e01-ae8e-ba011d801a3b,burrows.hair,available,1.24,13.97,medium,low,7,spaceship,,,29/09/2026 03:16
731e8cc8-8224-4c29-bd9a-08c653f22b96,alecto.hair,available,1.99,17.29,medium,low,6,namesilo,,,18/09/2026 04:50
054e7528-346e-4b9f-a9e4-8f90a75110c2,lividity.hair,available,1.99,17.29,medium,low,8,namesilo,,,17/09/2026 00:59
3190f7ae-a75a-46ff-a5e1-a0132f03a666,seduce.hair,available,1.24,13.97,high,low,6,spaceship,,,29/09/2026 14:16
0f8fab4e-5b26-4868-9ba7-b8bbf7c55eda,surveillance.hair,available,1.99,17.29,high,low,12,namesilo,,,27/09/2026 08:40
8978be8c-9fe4-48e7-84cf-1c48fbd119fc,negativity.hair,available,1.99,14.45,medium,low,10,dynadot,,,03/10/2026 00:37
296ca3ee-cf40-4dc0-86b2-b0cfd075ec91,beauteous.hair,available,1.8,19.98,high,low,9,namecheap,,,09/08/2026 05:58
bc6d341d-915e-461f-a116-c1a1211594e2,walking.hair,available,1.24,13.97,high,low,7,spaceship,,,28/09/2026 10:16
2a1b39e0-9b81-43ca-a17d-425a00fbff9a,seagirt.hair,available,1.8,21.98,medium,low,7,namecheap,,,10/09/2026 00:39
4ef568ce-d249-4b40-94db-6f1c69db22d8,greg.hair,available,1.24,13.97,high,low,4,spaceship,,,02/10/2026 09:44
9888f699-3708-49a9-89f2-b4019a44feb2,experimentation.hair,available,1.99,17.29,medium,low,15,namesilo,,,02/10/2026 23:39
b2727ff8-107b-405d-9d2e-4ee3faea9f96,slow.hair,available,1.99,17.29,high,low,4,namesilo,,,23/09/2026 00:28
7d9d49d1-5228-45f7-ba65-059bbeb4b0ee,voluble.hair,available,1.8,21.98,medium,low,7,namecheap,,,13/09/2026 06:59
e3685618-073e-4f1f-b4e3-ad060d47bb9b,ejected.hair,available,1.99,17.29,medium,low,7,namesilo,,,02/10/2026 02:12
6d4f65c2-1ea2-469b-b84c-4d17d17e21e9,centenary.hair,available,1.8,19.98,high,low,9,namecheap,,,11/08/2026 23:54
721576b1-84a4-43a8-9e71-13e5471727c5,locker.hair,available,1.99,17.29,high,low,6,namesilo,,,25/09/2026 06:06
98f4ee00-8993-4798-b19a-ef001c002156,jeopardy.hair,available,1.54,14.21,high,low,8,porkbun,,,28/09/2026 14:01
40404a8c-8e9b-4a9b-9a7d-a7f872a4c54b,pleasantly.hair,available,1.8,21.98,high,low,10,namecheap,,,13/09/2026 18:20
3da95a14-0a1f-4008-a5f3-ee7a755847a7,fatuous.hair,available,1.8,19.98,low,low,7,namecheap,,,07/08/2026 02:39
b70aa090-8516-456f-a6db-f79fb8852f4f,gather.hair,resell,,,high,medium,6,Dynadot Inc,27/01/2026 03:32,27/01/2027 23:59,26/09/2026 06:20
700d6a8a-17e1-409e-97c3-66c15bd6f6ec,pines.hair,available,1.54,14.21,medium,low,5,porkbun,,,30/09/2026 07:04
5a18d132-8535-4119-9ce4-00613fe6f7d1,widower.hair,available,1.24,13.97,medium,low,7,spaceship,,,30/09/2026 11:20
e74e9ec7-58e6-4b53-b8d8-f3dd1a806122,convenience.hair,available,1.24,13.97,high,low,11,spaceship,,,28/09/2026 07:18
25ab3b99-1aa5-480b-a377-ac90a88e8495,swelled.hair,available,1.8,21.98,medium,low,7,namecheap,,,11/09/2026 05:38
420e1d46-6390-45ee-bc92-889e55df87cf,mmr.hair,available,1.54,14.21,high,low,3,porkbun,,,02/10/2026 03:24
62f093b6-67fb-4f9f-9c63-807400556178,abattoir.hair,available,1.99,17.29,medium,low,8,namesilo,,,16/09/2026 14:13
92e6ed5a-c6f9-4d97-9483-2a7d56e0055d,cimmerian.hair,available,1.8,19.98,medium,low,9,namecheap,,,12/08/2026 08:11
5776380a-7542-4bb5-8b0c-2c169c1cf323,reprints.hair,available,1.24,13.97,medium,low,8,spaceship,,,28/09/2026 09:09
6d1deb84-ac7d-49fe-9ff3-68d87dc5edca,garbanzo.hair,available,1.99,17.29,medium,low,8,namesilo,,,24/09/2026 14:31
8d69be77-af7a-42bb-9f39-197335066689,choirs.hair,available,1.99,17.29,medium,low,6,namesilo,,,17/09/2026 06:51
11d47eeb-e1c1-4e59-831a-c91dd1537f91,nes.hair,available,1.24,13.97,high,low,3,spaceship,,,28/09/2026 03:45
73c1a934-0069-4bdf-9a28-a85e67ab8a18,ativan.hair,available,1.8,21.98,medium,low,6,namecheap,,,20/09/2026 21:30
5f7e4a84-6f08-444b-9dcf-14e59b29925b,translucent.hair,available,1.8,21.98,high,low,11,namecheap,,,01/10/2026 22:29
8061f154-493a-4d5b-abd2-339e1feed4b6,extinguish.hair,available,1.54,14.21,high,low,10,porkbun,,,02/10/2026 06:41
78417206-24c4-45be-b78e-920d703b42f1,dances.hair,available,1.65,15.75,high,low,6,namesilo,,,
c7c2d822-a954-4598-ae0b-f4177335b693,optimized.hair,available,1.8,21.98,high,low,9,namecheap,,,27/09/2026 22:29
179489aa-4368-407d-b41f-feb602826cdb,elector.hair,available,1.24,13.97,medium,low,7,spaceship,,,28/09/2026 19:03
412b6ae1-bcc3-4670-b675-e614667dba7b,atopy.hair,available,1.99,17.29,medium,low,5,namesilo,,,21/09/2026 00:33
3a01528f-ab5e-4990-85c8-9158a4b18806,fuels.hair,available,1.24,13.97,medium,low,5,spaceship,,,01/10/2026 16:17
4a5e3c13-e668-4452-bf13-c1731b996740,saf.hair,available,1.99,17.29,high,low,3,namesilo,,,30/09/2026 12:43
95150fc4-f352-4c6e-8dbb-977205022da8,afterimage.hair,available,1.99,17.29,high,low,10,namesilo,,,17/09/2026 15:42
96d172f9-207f-4349-96c6-5c4bc1b7d921,lust.hair,available,1.54,14.21,high,low,4,porkbun,,,30/09/2026 02:38
c283d145-a992-4579-9c2f-7b71db1e0214,judaic.hair,available,1.8,19.98,medium,low,6,namecheap,,,22/08/2026 13:17
d57d2b0d-ddf8-4f73-9383-487a2a2198c7,galveston.hair,available,1.8,21.98,high,low,9,namecheap,,,27/09/2026 04:07
2e13fcd0-9af5-49b6-b0f2-3912a02435ec,notation.hair,available,1.99,17.29,high,low,8,namesilo,,,19/09/2026 10:43
cdb3cce4-40a4-474a-b9a0-424c2be8abb4,ahab.hair,available,1.8,21.98,medium,low,4,namecheap,,,17/09/2026 20:17
269372b8-4439-4c30-801e-bbca62ceb4f9,bleat.hair,available,1.8,19.98,medium,low,5,namecheap,,,10/08/2026 13:37
2d39d8c9-0a68-4834-a423-ba90104b74ab,altering.hair,available,1.99,17.29,high,low,8,namesilo,,,18/09/2026 14:47
7a9e932f-4583-4fb5-b56e-cfd527d25fb2,pull.hair,available,1.99,17.29,high,low,4,namesilo,,,29/09/2026 16:48
9f6b4ed0-7d19-4bd6-bf64-6f92ea0344c1,fearsome.hair,available,1.8,19.98,medium,low,8,namecheap,,,14/08/2026 08:55
ed70ccb4-c01a-445e-885c-872b6db4a667,fiducial.hair,available,1.8,19.98,medium,low,8,namecheap,,,18/08/2026 03:40
e963d311-cf7f-4f66-b449-b6a6459f4d74,rhonda.hair,available,1.24,13.97,high,low,6,spaceship,,,30/09/2026 21:11
96654385-7974-41c3-8cdc-45d67508b91c,wear.hair,available,1.99,17.29,high,low,4,namesilo,,,27/09/2026 08:43
7f417c58-b685-4f2f-90c7-3740fdb7cfc9,sprigged.hair,available,1.8,21.98,medium,low,8,namecheap,,,10/09/2026 16:47
cd736840-6a25-4cee-8a04-6fa3f5d60436,political.hair,available,1.99,17.29,high,low,9,namesilo,,,27/09/2026 04:28
9044c7c2-895c-444b-8990-31ecbe5e26f9,parvati.hair,available,1.99,17.29,medium,low,7,namesilo,,,19/09/2026 02:21
1b0e8f24-5a50-4e3e-b689-b0f882704b06,xiv.hair,available,1.99,17.29,high,low,3,namesilo,,,21/09/2026 11:42
429b83eb-269e-48f6-bca2-b11a27f96b47,jackie.hair,available,1.8,21.98,high,low,6,namecheap,,,25/09/2026 13:22
eb18e67d-d71e-4fcb-b131-8aa55512f892,miner.hair,available,1.24,13.97,high,low,5,spaceship,,,29/09/2026 19:40
e99bb2b0-5f36-4b3c-9b7c-5d10fa3c8137,ninth.hair,available,1.65,15.75,high,low,5,namesilo,,,
4c4ae914-8ffe-4000-bed0-043cc101b31d,ultimately.hair,available,1.99,17.29,medium,low,10,namesilo,,,28/09/2026 12:39
9676f1aa-83a0-4de8-a1ad-070f064ff965,rankin.hair,available,1.99,17.29,high,low,6,namesilo,,,27/09/2026 04:34
44b8d5f5-9cc8-4044-8349-b4bf178030df,oversea.hair,available,1.8,21.98,medium,low,7,namecheap,,,04/09/2026 21:46
01dfbc43-c161-4a95-aabd-ef384a30919e,minerva.hair,available,1.24,13.97,high,medium,7,spaceship,,,30/09/2026 18:03
1d466d29-c623-4ae9-89a2-f66275c68ee6,alphonso.hair,available,1.99,17.29,high,low,8,namesilo,,,03/10/2026 03:16
394064e1-5568-4d31-9cb2-21436e8a946e,recurved.hair,available,1.8,21.98,high,medium,8,namecheap,,,09/09/2026 12:06
bceb09c7-a1f3-429a-9ffd-37086298c2b0,lucid.hair,available,1.8,19.98,high,medium,5,namecheap,,,13/08/2026 09:42
0796b3d5-b9ca-4058-a8d0-162504f40a1a,bottom.hair,available,1.8,19.98,high,low,6,namecheap,,,09/08/2026 11:50
882cdf4b-e7ab-47c9-8758-52aa674fb2d9,succinctly.hair,available,1.99,17.29,medium,low,10,namesilo,,,16/09/2026 07:34
21904fa4-8e6b-43a3-9c6c-55290e73b251,betoken.hair,available,1.99,17.29,medium,low,7,namesilo,,,21/09/2026 03:31
89d4938b-7272-4c2e-b1a3-ba7e4c608c42,saucer.hair,available,1.99,17.29,high,low,6,namesilo,,,29/09/2026 15:53
e1e35ce3-8e96-4f84-969c-856c0120d730,plateau.hair,available,1.8,21.98,high,low,7,namecheap,,,30/09/2026 18:21
79a4c58f-a352-400e-894f-3da3caa82a36,vesture.hair,available,1.8,21.98,high,low,7,namecheap,,,13/09/2026 09:02
a6430cfe-9c0d-447b-b033-6104ecdda4d2,bilbao.hair,available,1.99,17.29,medium,low,6,namesilo,,,29/09/2026 03:44
82ca9f89-fde8-4bc2-805b-2691021bc4bd,treeless.hair,available,1.8,21.98,medium,low,8,namecheap,,,11/09/2026 19:10
89fdf566-6525-4de6-88a0-f5724c820fa4,tined.hair,available,1.8,21.98,medium,low,5,namecheap,,,09/09/2026 03:20
c888f38a-60ff-4d5a-8ac2-d375828aabde,zen.hair,premium,2660,2660,high,medium,3,namesilo,,,29/09/2026 00:17
df41fe75-da75-4bc5-af27-63bfcad79352,torque.hair,available,1.99,17.29,high,low,6,namesilo,,,01/10/2026 21:57
c974cea9-2441-4f3e-b146-d83ac097afa9,inbuilt.hair,available,1.8,19.98,high,low,7,namecheap,,,11/08/2026 08:08
4fbee4de-e649-47e0-9ab3-984b2e6b4a54,desserts.hair,available,1.99,17.29,medium,low,8,namesilo,,,02/10/2026 13:27
174fc0c8-f675-4f1b-86c6-487ed47fc1b1,avaricious.hair,available,1.8,19.98,medium,low,10,namecheap,,,07/08/2026 21:48
1e6f0515-a947-46fb-9e17-2a153c0c39c9,unsung.hair,available,1.8,21.98,medium,low,6,namecheap,,,12/09/2026 20:49
b380d8b6-8c43-4c02-a4e4-884a38880c0e,antiproton.hair,available,1.99,17.29,medium,low,10,namesilo,,,19/09/2026 15:01
0411a1da-47e4-46d2-96bf-beaacd2246d6,capacious.hair,available,1.8,19.98,medium,low,9,namecheap,,,11/08/2026 17:47
ffec3500-c705-48a7-964a-0dde83c436d2,nobelium.hair,available,1.99,17.29,medium,low,8,namesilo,,,20/09/2026 21:58
e420b4fb-40d5-40af-86df-d8b1658b27df,happening.hair,available,1.99,17.29,high,low,9,namesilo,,,25/09/2026 23:54
e4e550fd-3a56-4cb0-baf4-8475f16f9d09,bamberg.hair,available,1.54,14.21,medium,low,7,porkbun,,,30/09/2026 13:25
c8ae644f-ce6a-4fd7-b00d-703e6abfef4b,chickpea.hair,available,1.99,17.29,high,low,8,namesilo,,,24/09/2026 14:29
313f6131-edf3-4b91-9d85-c0ce497d9ca9,colosseum.hair,available,1.99,17.29,high,low,9,namesilo,,,18/09/2026 23:29
66dd97cf-785c-464a-9939-a01b768b8800,champagne.hair,available,1.99,17.29,high,low,9,namesilo,,,23/09/2026 10:06
06cd4982-731b-419b-b4ae-29a4f11cf1fb,kroeber.hair,available,1.99,17.29,medium,low,7,namesilo,,,18/09/2026 06:35
cad746f4-4adc-4b88-b255-53aeea709ab5,extrovert.hair,available,1.8,19.98,high,low,9,namecheap,,,17/08/2026 19:27
93a14b8a-97aa-486d-9500-73187e016d4d,stared.hair,available,1.8,21.98,medium,low,6,namecheap,,,18/09/2026 02:18
e2918b87-f826-401a-a03d-e024313a9348,dunedin.hair,available,1.99,17.29,medium,low,7,namesilo,,,29/09/2026 03:53
726f938d-f566-48ec-b85e-ccbfb7eb43ea,apus.hair,available,1.8,21.98,medium,low,4,namecheap,,,19/09/2026 22:43
4a8c98b5-c29f-494a-b72f-2cb5842f5825,yielding.hair,available,1.8,21.98,high,low,8,namecheap,,,13/09/2026 14:36
c1bb0e4d-b16c-481a-9687-3bbfb3437094,aside.hair,available,1.24,13.97,high,low,5,spaceship,,,28/09/2026 12:23
31c2df14-b6ae-4860-8564-feed2949e0c1,chequebook.hair,available,1.8,21.98,high,low,10,namecheap,,,24/09/2026 13:58
4a5324a9-f6b9-4fcc-9b48-b424f17c6136,fitter.hair,available,1.8,19.98,medium,low,6,namecheap,,,18/08/2026 05:48
efd63863-c2f3-43fe-847c-2f7e36ab4f85,squatting.hair,available,1.8,21.98,medium,low,9,namecheap,,,10/09/2026 17:35
11b413df-d7f5-4f96-92cc-38fccf3baa7b,measure.hair,available,1.99,14.45,high,low,7,dynadot,,,28/09/2026 00:35
82c4e763-0295-4a4a-8664-95ebb5177e04,servo.hair,available,1.8,21.98,high,low,5,namecheap,,,10/09/2026 04:57
ac3d5ef3-0cc8-4bdd-8fa3-7356bb50f496,robert.hair,premium,845,845,high,low,6,namecheap,,,25/09/2026 07:17
4f2f8a8a-4b73-4021-b3f8-2a248cdda79d,aconcagua.hair,available,1.99,17.29,medium,low,9,namesilo,,,17/09/2026 02:04
d827fadb-6611-40d9-85f6-8ebe4c08cb3b,furniture.hair,available,1.99,17.29,high,low,9,namesilo,,,20/09/2026 11:14
e33a9983-575f-408d-a0b1-aa192940e111,were.hair,available,1.99,14.45,high,low,4,dynadot,,,30/09/2026 22:32
32171fbf-2204-4a41-8a96-075a97cdaab5,payoff.hair,available,1.24,13.97,medium,low,7,spaceship,,,29/09/2026 11:46
d804fd37-85aa-496b-bd13-6bda73ae14b1,rye.hair,available,1.54,14.21,medium,low,3,porkbun,,,28/09/2026 15:17
35664adc-3a23-4331-b858-97dd9a3ac588,yall.hair,available,1.24,13.97,medium,low,4,spaceship,,,02/10/2026 04:18
e053004c-a11b-4af9-b78e-e8000f1fd32a,canola.hair,available,1.8,21.98,high,low,6,namecheap,,,24/09/2026 12:06
df81f429-a59f-4fdf-92ec-ee1eabf368ae,merkel.hair,available,1.8,21.98,high,low,6,namecheap,,,30/09/2026 05:16
7bc6d88b-3337-484c-ab97-ae451d0570c0,radioactive.hair,available,1.24,13.97,medium,low,11,spaceship,,,28/09/2026 11:17
b07e211d-7f6c-4303-b234-a44a779a0bad,vascular.hair,available,1.8,21.98,medium,low,8,namecheap,,,13/09/2026 01:33
2cabddbe-ae35-4992-9742-df345ae47edd,contributions.hair,available,1.54,14.21,low,low,13,porkbun,,,29/09/2026 10:13
d06209b2-d9bb-4eed-b7f7-9ac3145101d2,foetal.hair,available,1.8,19.98,medium,low,6,namecheap,,,18/08/2026 02:18
a6899d9b-2d65-453c-9ce9-38c09581e8fb,originals.hair,available,1.24,13.97,high,low,9,spaceship,,,30/09/2026 07:08
b3748e4e-36f0-4584-a2ec-f3fc65ee54f7,investigation.hair,available,1.99,17.29,high,low,13,namesilo,,,25/09/2026 17:01
1797d89f-3fbb-4667-9e4a-5ed961726cb5,smoothly.hair,available,1.8,21.98,high,low,8,namecheap,,,16/09/2026 02:56
52a01cfb-163e-4fc0-b555-c8e158580f87,rented.hair,available,1.99,17.29,medium,low,6,namesilo,,,17/09/2026 18:45
a3ba1417-9e85-44eb-b903-692efc2e0268,jobless.hair,available,1.8,19.98,medium,low,7,namecheap,,,22/08/2026 13:32
ab816fc2-61ba-44e5-9972-50f24cde866a,acetamide.hair,available,1.8,21.98,medium,low,9,namecheap,,,16/09/2026 23:49
7b2a2361-c1cd-450c-9ff4-582cd0b04a11,airframe.hair,available,1.99,17.29,high,low,8,namesilo,,,17/09/2026 23:10
2ca13cf1-a25f-498b-a323-7848af6e3f3c,jingle.hair,available,1.99,14.45,high,low,6,dynadot,,,29/09/2026 06:41
c235b880-deb4-4458-9b00-39cf0106c62d,virgins.hair,available,1.99,17.29,medium,low,7,namesilo,,,01/10/2026 10:00
a8b7b4e3-f1b6-4566-a3ef-e5c1bd1dfd7f,parades.hair,available,1.8,21.98,medium,low,7,namecheap,,,02/10/2026 03:54
5740016b-ae9a-4870-8d0f-3bd3d9c45fe2,exposure.hair,available,1.8,21.98,high,low,8,namecheap,,,08/09/2026 13:44
99c12fad-b55b-4d8b-8eb3-b659863a18cc,diaphanous.hair,available,1.8,19.98,medium,low,10,namecheap,,,12/08/2026 14:26
b7250bcd-4c70-43a5-94c3-a58a25f08fac,arrange.hair,available,1.99,17.29,high,low,7,namesilo,,,25/09/2026 22:15
5fe584fd-8092-440b-a8c4-0ec732b90109,overdone.hair,available,1.8,19.98,medium,low,8,namecheap,,,17/08/2026 15:34
e117566a-2d16-4571-8abb-95cb13fb6178,orphanage.hair,available,1.24,13.97,medium,low,9,spaceship,,,28/09/2026 10:38
f1f99c27-0ff6-4079-a3bd-f30053592ae8,bau.hair,available,1.8,21.98,high,low,3,namecheap,,,03/10/2026 04:52
b26744df-a7e8-490a-8df3-f33e1f0366d5,flesh.hair,available,1.99,17.29,high,low,5,namesilo,,,25/09/2026 21:58
3b409734-b985-44f1-87d9-f635b2dcd4d7,fined.hair,available,1.24,13.97,medium,low,5,spaceship,,,30/09/2026 15:19
e962b8db-1e5f-4d96-bc08-448f6413f426,penetrate.hair,available,1.24,13.97,high,low,9,spaceship,,,28/09/2026 09:30
00642a77-5037-4536-b207-8a4886bee43a,filesharing.hair,available,1.99,17.29,high,low,12,namesilo,,,18/09/2026 10:05
a703d612-ca66-415f-8d98-ac833fbcda98,molasses.hair,available,1.99,17.29,high,low,8,namesilo,,,02/10/2026 16:08
e79de49f-3027-404f-b161-590635c22fc3,debatable.hair,available,1.99,20.99,medium,low,9,name.com,,,13/08/2026 20:12
18ccbf65-a75b-463f-90a7-e6dc77724f3c,detoxify.hair,available,1.8,21.98,high,low,8,namecheap,,,29/09/2026 14:25
15fad97a-de34-463c-937c-d1e95c31591a,survey.hair,available,1.24,13.97,high,low,6,spaceship,,,30/09/2026 09:59
fb1165db-a0f7-4bbc-9d35-91996c3b069c,vivace.hair,available,1.8,21.98,high,low,6,namecheap,,,13/09/2026 06:22
0330a879-c6e4-4a0e-b39c-8982b0f811cd,plea.hair,available,1.99,17.29,high,low,4,namesilo,,,28/09/2026 06:36
4706bc72-cdcf-4d67-8b26-307dffc4b157,potable.hair,available,1.8,19.98,high,low,7,namecheap,,,14/08/2026 19:25
73dea538-d194-401a-9ee0-c85632b860a7,bret.hair,available,1.99,17.29,medium,low,4,namesilo,,,29/09/2026 03:55
35b0d341-5c22-43a9-9864-b137c35383f4,hottest.hair,available,1.99,17.29,medium,low,7,namesilo,,,28/09/2026 13:20
37f83aad-f7ac-4439-8abd-1b1a10ec1a36,absorbing.hair,available,1.99,17.29,high,low,9,namesilo,,,21/09/2026 15:02
4e64e80f-9cff-4d13-aadc-1678b3d58a40,inhabit.hair,available,1.8,19.98,high,low,7,namecheap,,,24/08/2026 07:51
ed3df332-0a77-4292-afb1-5f1a81a47bb9,twinkling.hair,available,1.8,19.98,high,low,9,namecheap,,,22/08/2026 07:34
122209f0-916f-44c5-8c32-4b7460766dc0,chains.hair,available,1.99,14.45,high,low,6,dynadot,,,27/09/2026 12:26
ee3e8fa8-e480-4605-83f9-e9600cb25c64,squashed.hair,available,1.8,21.98,medium,low,8,namecheap,,,10/09/2026 17:31
aa8e6ffd-4e67-4942-a735-3156c56e35c2,chapel.hair,available,1.99,17.29,high,low,6,namesilo,,,28/09/2026 01:39
d00b8499-5181-41cc-9ddd-c1980acaa109,physiological.hair,available,1.99,14.45,medium,low,13,dynadot,,,29/09/2026 20:58
65db145f-7cac-4b61-bc90-30b6bc56ccca,principality.hair,available,1.8,21.98,medium,low,12,namecheap,,,28/09/2026 22:46
28693d20-16c9-48b0-99f8-33e98294c13d,ashram.hair,available,1.99,17.29,high,low,6,namesilo,,,20/09/2026 13:58
783c8049-7607-4dd2-9d6e-f4c41cf75dd5,tailor.hair,available,1.24,13.97,high,low,6,spaceship,,,28/09/2026 10:52
86676d23-a7ea-4cad-aad3-08b45c227af9,repository.hair,available,1.99,17.29,high,low,10,namesilo,,,24/09/2026 21:59
63bd2291-cfaa-40fc-82a4-bc14156a3cba,delusory.hair,available,1.8,19.98,low,low,8,namecheap,,,13/08/2026 21:18
778c150f-ea03-453d-a632-747f9f603003,assured.hair,available,1.8,19.98,high,low,7,namecheap,,,07/08/2026 08:21
b953ccee-0960-4643-861d-352f5a4f4d85,offending.hair,available,1.8,21.98,medium,low,9,namecheap,,,04/09/2026 01:28
95c7b332-166c-408e-96dc-ed04e40ee422,resent.hair,available,1.24,13.97,high,low,6,spaceship,,,29/09/2026 20:46
76b2e083-3b8b-4253-ad58-09de3077fc79,praised.hair,available,1.99,17.29,medium,low,7,namesilo,,,29/09/2026 16:38
efd23003-ef10-4438-98c6-70c0c6ccca04,ultrasound.hair,available,1.99,17.29,high,low,10,namesilo,,,29/09/2026 12:08
382723ac-aee3-4f23-81c4-953700bb056c,baryon.hair,available,1.99,17.29,medium,low,6,namesilo,,,22/09/2026 09:41
aaa8c908-59c3-4e0a-8122-992202fce73a,arcade.hair,available,1.99,17.29,high,low,6,namesilo,,,20/09/2026 01:36
98b4cb29-8d25-4b7c-8304-0fecd2651142,thundered.hair,available,1.99,17.29,medium,low,9,namesilo,,,20/09/2026 16:05
effe8a03-272a-46be-bba1-dddc43a5ba19,carangid.hair,available,1.8,19.98,medium,low,8,namecheap,,,11/08/2026 18:31
acb3ac01-1e86-4779-8526-23fb801ea018,armour.hair,premium,2600,2600,medium,low,6,namecheap,,,20/09/2026 07:22
d478f108-0448-4223-9eb8-02cadb200b44,bestiality.hair,available,1.8,21.98,medium,low,10,namecheap,,,23/09/2026 10:39
f45c591b-16a6-434c-a8a9-3312c0e55aa9,rotterdam.hair,available,1.99,17.29,high,low,9,namesilo,,,03/10/2026 01:57
d600a463-8b9a-404f-93e5-bcd60b3bd811,dolores.hair,available,1.24,13.97,medium,low,7,spaceship,,,28/09/2026 21:59
d1a74808-2db7-4ddd-8376-d35f13a8a781,undecided.hair,available,1.8,21.98,high,low,9,namecheap,,,04/09/2026 14:20
21fb417f-59d8-46ba-b0da-d1c6d62b742f,bounden.hair,available,1.8,19.98,medium,low,7,namecheap,,,10/08/2026 21:56
10b52eb2-a9a0-47dc-8cdf-60fa60876612,homosexuals.hair,available,1.99,25.99,low,low,11,godaddy,,,01/10/2026 00:33
366f24c8-2244-4ad4-ac18-9eaa27acac89,uncritical.hair,available,1.8,21.98,medium,low,10,namecheap,,,12/09/2026 06:26
5b0549a5-50dd-4363-964d-008580c4d094,enticing.hair,available,1.99,17.29,high,low,8,namesilo,,,22/09/2026 01:41
4b04c18c-0cc6-481a-96d1-3112ed42ba26,transported.hair,available,1.99,17.29,medium,low,11,namesilo,,,16/09/2026 07:05
0d16f148-ab6a-4fdb-97fc-e9401eec8314,northman.hair,available,1.8,21.98,medium,low,8,namecheap,,,03/09/2026 21:21
9d43a034-742c-4272-9602-6a027d1b8f45,offbeat.hair,available,1.8,19.98,high,low,7,namecheap,,,17/08/2026 22:21
54971b9d-387a-4927-8c89-7a921d648544,moral.hair,available,1.65,15.75,high,low,5,namesilo,,,25/09/2026 21:40
d7bc13f6-e7ce-491e-bd7a-2d2aaa05e8b6,lxiv.hair,available,1.65,15.75,medium,low,4,namesilo,,,
13dcf9f1-0c3d-4f37-a945-8a66565f42e5,encyclopedia.hair,available,1.24,13.97,high,low,12,spaceship,,,29/09/2026 10:09
290e81fb-68b9-4126-b736-84f11ad826a2,menu.hair,premium,832,832,high,medium,4,namesilo,,,29/09/2026 02:40
caffaea9-fa23-4b32-abca-8a344495db84,biggish.hair,available,1.8,19.98,medium,low,7,namecheap,,,09/08/2026 20:33
eabe386d-b1f1-42e5-9ced-56cac6f5f4e5,otic.hair,available,1.8,19.98,medium,low,4,namecheap,,,07/08/2026 17:41
5e6e4e24-b8b8-42b5-8b6c-bb895f694d38,ugandan.hair,available,1.8,21.98,medium,low,7,namecheap,,,11/09/2026 22:40
ca24b8d2-1618-4423-a9ec-073d8180f215,trash.hair,available,1.8,21.98,high,low,5,namecheap,,,25/09/2026 22:15
3e200bc6-440c-4e60-ba78-e980efe4a228,unpunished.hair,available,1.8,21.98,medium,low,10,namecheap,,,12/09/2026 17:37
48cd4c34-085f-4ee9-a98f-c590f2b85611,blemish.hair,available,1.99,17.29,high,low,7,namesilo,,,24/09/2026 05:30
a0e912d1-4581-4ce5-b148-4a68eb87982a,daniele.hair,available,1.24,13.97,medium,low,7,spaceship,,,02/10/2026 23:24
457dee67-5142-4e00-8480-66320338fb2c,blankness.hair,available,1.8,21.98,medium,low,9,namecheap,,,24/09/2026 04:02
fe6b92b7-0416-4e97-a50c-4895ad5841f2,cambrai.hair,available,1.99,17.29,medium,low,7,namesilo,,,02/10/2026 08:16
fd99d090-b969-4e19-8c33-c87e78961e3b,death.hair,available,1.99,17.29,high,low,5,namesilo,,,24/09/2026 12:39
319db5b4-c000-4a73-a76b-ba791e4128b2,unstressed.hair,available,1.8,21.98,medium,low,10,namecheap,,,12/09/2026 20:37
2ad31221-dcfc-40c7-a89e-ddcc34ce1958,whimsy.hair,available,1.99,17.29,high,low,6,namesilo,,,20/09/2026 00:42
0a89c40f-0d3f-4019-858f-e6fbae844c37,bathe.hair,available,1.54,14.21,high,low,5,porkbun,,,29/09/2026 01:32
f01cef38-ecf1-4097-a23d-06bf4c835694,strikingly.hair,available,1.99,17.29,high,low,10,namesilo,,,16/09/2026 07:22
79235785-1cc8-42d0-b644-57e0897c9f01,ernest.hair,available,1.99,14.45,high,low,6,dynadot,,,28/09/2026 11:52
72b5600a-1bef-4dc1-997d-b17c5e7c8816,drilled.hair,available,1.8,19.98,medium,low,7,namecheap,,,14/08/2026 19:21
71c31513-42fd-492f-9711-bceed91475df,movement.hair,available,1.24,13.97,high,low,8,spaceship,,,28/09/2026 21:51
c59aab8a-aecb-4223-80ab-336ea1d59115,memo.hair,premium,715,715,high,low,4,dynadot,,,28/09/2026 02:24
c2d59241-215f-495a-9765-7ac5c52d377a,copperhead.hair,available,1.8,21.98,medium,low,10,namecheap,,,17/09/2026 18:16
f643643c-b7d5-485b-bc36-7a78a3abbb74,brad.hair,available,1.99,17.29,high,low,4,namesilo,,,24/09/2026 07:52
8ff5bb62-06f2-4626-b4e4-0b73f42adb1a,ned.hair,available,1.8,21.98,high,low,3,namecheap,,,25/09/2026 11:37
c0083466-bbb7-481e-82a8-82237e5d6072,braised.hair,available,1.8,19.98,medium,low,7,namecheap,,,11/08/2026 01:55
5fad574b-1490-49ce-95b6-a34a1dd83a1c,wading.hair,available,1.99,17.29,medium,low,6,namesilo,,,03/10/2026 02:21
4632aa85-2905-4a3e-9a36-40fd7bfb10c1,scarcely.hair,available,1.8,21.98,medium,low,8,namecheap,,,09/09/2026 22:55
822a020f-d4e2-4bdd-8a56-fa9b3b63b9cf,boomer.hair,available,1.99,17.29,high,low,6,namesilo,,,21/09/2026 13:18
a2f6442b-8f03-4042-a688-c63711eb9e72,dung.hair,available,1.8,21.98,medium,low,4,namecheap,,,30/09/2026 09:30
97274ebb-020b-4b61-bb88-939fb7cc8515,castaway.hair,available,1.8,21.98,high,low,8,namecheap,,,04/09/2026 19:05
2098e357-cb02-49c4-aa6c-1efa50e7b069,ppg.hair,premium,2183.84,2183.84,high,low,3,porkbun,,,29/09/2026 23:32
652048bf-2f78-40c7-a99c-e3e7f0a7ca41,marseille.hair,available,1.54,14.21,high,low,9,porkbun,,,03/10/2026 01:34
29219b88-5f88-489f-9b56-4c40531fcaa5,boxed.hair,available,1.8,19.98,high,low,5,namecheap,,,11/08/2026 00:02
670d64c0-19c0-4269-b9c4-f39f8b832791,beekeeping.hair,available,1.99,17.29,high,low,10,namesilo,,,19/09/2026 17:24
456c2941-3879-4b6a-9e16-ce165a5eccdc,secured.hair,available,1.24,13.97,high,low,7,spaceship,,,01/10/2026 17:47
e74e62b2-af74-4b92-835c-177a204bfc1e,transmissions.hair,available,1.24,13.97,medium,low,13,spaceship,,,29/09/2026 17:50
9b5737a8-d3b4-4a53-994a-7c1a089c7816,corfu.hair,available,1.8,21.98,high,low,5,namecheap,,,30/09/2026 04:34
0f121d88-c6bd-4f26-aaa7-21d7391aa1e6,tuscan.hair,available,1.8,21.98,high,low,6,namecheap,,,11/09/2026 21:27
79a8f866-0d6f-4057-9c59-7e5321b90a9f,cnc.hair,available,1.99,17.29,high,low,3,namesilo,,,30/09/2026 14:22
d593344f-d51a-4da5-b178-a215d99fe69d,lap.hair,available,1.99,25.99,high,low,3,godaddy,,,28/09/2026 02:11
5b0fe386-c2ec-4cfa-89cc-4a2e6b90b1ab,custody.hair,available,1.8,21.98,high,low,7,namecheap,,,24/09/2026 20:41
ed69db88-3a46-4c5e-b032-d0d98dea26f2,disuse.hair,available,1.99,17.29,medium,low,6,namesilo,,,24/09/2026 23:14
486b624f-83e3-4869-bff2-fbcc5e8f1f2c,agreeable.hair,available,1.99,17.29,high,low,9,namesilo,,,21/09/2026 23:17
681dc5f8-828c-4182-a3b7-b0188ff5fb9f,predaceous.hair,available,1.8,21.98,high,medium,10,namecheap,,,09/09/2026 01:22
ad347351-4f9a-4698-8313-a942a17d3ba6,provencal.hair,available,1.8,21.98,medium,low,9,namecheap,,,09/09/2026 04:28
bdc8c273-5ac3-47e7-8dc1-9c4c898fe94f,toed.hair,available,1.8,21.98,medium,low,4,namecheap,,,11/09/2026 16:41
bbbfe242-e1d0-4e67-80cf-8229b84854b2,julio.hair,available,1.99,14.45,high,low,5,dynadot,,,29/09/2026 03:04
5689b5a4-5032-491e-8207-19105970e6f6,ashkenazi.hair,available,1.99,17.29,medium,low,9,namesilo,,,20/09/2026 13:54
dc4818b3-6793-431f-b2c2-90a14588ac29,jovian.hair,available,1.8,19.98,medium,low,6,namecheap,,,22/08/2026 14:02
b9057e28-2f3c-4ba4-8cb6-45ebbae190b1,tricksy.hair,available,1.8,19.98,medium,low,7,namecheap,,,13/08/2026 04:36
11d40244-da5f-4f70-91f2-7de9aa258646,usual.hair,available,1.24,13.97,high,low,5,spaceship,,,28/09/2026 10:03
728ae8de-7cc5-4c52-8250-fb7699b5f176,lest.hair,available,1.24,13.97,medium,low,4,spaceship,,,03/10/2026 02:41
1564238c-5941-4bfd-a154-3c42a339118a,sarah.hair,premium,832,832,high,low,5,namesilo,,,25/09/2026 10:34
dc72983b-d585-4832-9255-b6f45cfc477e,calcic.hair,available,1.8,19.98,medium,low,6,namecheap,,,11/08/2026 13:49
c22fd01c-a37d-42cd-a430-657b2ac4b3c7,titulary.hair,available,1.8,21.98,medium,low,8,namecheap,,,11/09/2026 16:34
1db05d64-8769-4cb6-970d-ab95042f8b8e,sincerely.hair,available,1.99,17.29,high,low,9,namesilo,,,28/09/2026 16:38
5689c163-becb-49f8-ac03-a24152968628,thaw.hair,available,1.8,19.98,high,low,4,namecheap,,,24/08/2026 19:45
a76bebda-a6ad-40fc-a785-056a8c7d4538,sicilian.hair,available,1.8,21.98,high,low,8,namecheap,,,10/09/2026 07:29
5e3963a6-e856-4418-91bf-a5a9f74ec185,comprehensive.hair,available,1.24,13.97,medium,low,13,spaceship,,,29/09/2026 02:53
ef7acd98-b1e0-4f50-815a-d98c1b17ff4a,flatulent.hair,available,1.8,19.98,medium,low,9,namecheap,,,12/08/2026 16:34
5742a896-33de-4aa9-85b6-fdce44318763,citibank.hair,premium,2070.2,2070.2,high,medium,8,spaceship,,,02/10/2026 13:48
e54068be-0f9a-4391-b3c8-64f6e4587cfc,whitman.hair,available,1.99,17.29,medium,low,7,namesilo,,,29/09/2026 13:23
2cc97fa3-4e3c-4726-904a-d55825fbd48f,amygdala.hair,available,1.8,21.98,high,low,8,namecheap,,,19/09/2026 00:23
db6bf82b-f0ba-4fcf-b125-e3b3909f7e12,dakota.hair,available,1.99,17.29,high,low,6,namesilo,,,28/09/2026 13:51
5a35c3b6-e748-41ae-9a96-d71c49227211,eugenie.hair,available,1.99,17.29,medium,low,7,namesilo,,,02/10/2026 00:21
132b22c6-d930-412b-af3f-d44e5a7a765c,accumulated.hair,available,1.24,13.97,medium,low,11,spaceship,,,30/09/2026 22:32
e3dfe758-0931-4f08-a36a-2231f9e504a5,reproduce.hair,available,1.24,13.97,high,low,9,spaceship,,,28/09/2026 20:51
ea8c349b-096e-4ddc-bb76-94a2eed0f5bf,members.hair,available,1.99,17.29,medium,low,7,namesilo,,,25/09/2026 17:16
e7208665-57a9-4dd9-afcb-20bd280cbc8b,hepburn.hair,available,1.24,13.97,high,low,7,spaceship,,,30/09/2026 17:34
0f482db8-e67c-41de-b661-288b22214117,waddington.hair,available,1.99,14.45,medium,low,10,dynadot,,,01/10/2026 11:02
0eb4392a-303a-4636-88a2-1cfd780b0245,haitian.hair,available,1.8,19.98,high,low,7,namecheap,,,20/08/2026 22:17
d02f702d-aa29-4276-b7ba-1bb09a92c665,cooperate.hair,available,1.99,17.29,high,low,9,namesilo,,,28/09/2026 17:32
df8a44a7-be56-4f37-9085-8ce4aa4ae048,remodel.hair,available,1.54,14.21,high,low,7,porkbun,,,02/10/2026 06:46
a362ec26-fbd9-4e71-9e39-e6666cb993ba,ergonomic.hair,available,1.8,19.98,high,low,9,namecheap,,,17/08/2026 12:11
d4d2609b-386b-4931-bbb3-35709252e03a,kick.hair,available,1.99,17.29,high,high,4,namesilo,,,27/09/2026 03:59
78efcd3a-5c66-44ff-9204-5f585e1b1633,spook.hair,available,1.8,21.98,high,low,5,namecheap,,,03/10/2026 00:19
54616c1b-b148-4450-92cb-aaa4034b1730,surprising.hair,available,1.24,13.97,high,low,10,spaceship,,,28/09/2026 02:05
85997b8f-0e88-46b2-acdf-a7d0718e476c,acapnia.hair,available,1.8,21.98,medium,low,7,namecheap,,,16/09/2026 21:08
c3d13b13-7e55-4ca3-98d2-f738bb13d99f,toradol.hair,available,1.99,17.29,medium,low,7,namesilo,,,17/09/2026 05:31
ab33b447-e076-4a47-8264-13325328d4f6,thousandth.hair,available,1.65,15.75,high,low,10,namesilo,,,
ed64595e-fbf4-4671-b8a9-4168298a2e0b,wigmore.hair,available,1.99,17.29,medium,low,7,namesilo,,,30/09/2026 22:00
a39f8c9b-6af6-48f5-97e2-eea54b274c78,germans.hair,available,1.99,20.99,medium,low,7,name.com,,,27/09/2026 03:03
feee6485-9355-4dfd-a8e9-fe0c70a7b395,alcohol.hair,available,1.99,17.29,high,low,7,namesilo,,,25/09/2026 10:44
f46b38e7-f20c-45e5-b443-886ef0664e21,congregation.hair,available,1.24,13.97,high,low,12,spaceship,,,03/10/2026 02:59
d71fea64-6091-4162-b7e5-47a0257d1226,transformed.hair,available,1.99,17.29,high,low,11,namesilo,,,29/09/2026 10:35
9a76fb4a-d906-4d6e-8d1e-0b7e41ec35cc,upn.hair,available,1.99,17.29,medium,low,3,namesilo,,,03/10/2026 04:32
f9bdd9db-e1dd-431b-9e45-2c767c4e0c03,dishes.hair,available,1.99,17.29,medium,low,6,namesilo,,,27/09/2026 02:34
37f10771-040b-4b20-929c-21d7ffa61acf,ataractic.hair,available,1.8,19.98,medium,low,9,namecheap,,,07/08/2026 12:44
9399a7fb-457e-4778-8c22-c9fa06c26376,loads.hair,available,1.99,17.29,high,low,5,namesilo,,,28/09/2026 15:05
f23fd810-1bcf-4779-9cd5-2486e3be4630,blessedly.hair,available,1.8,21.98,medium,low,9,namecheap,,,14/09/2026 00:19
bec7dbf0-db60-45f0-b468-c76c571a8ea4,traverse.hair,available,1.8,19.98,high,low,8,namecheap,,,13/08/2026 07:58
0da7993a-f786-4463-8a37-093f7347e217,factions.hair,available,1.99,25.99,medium,low,8,godaddy,,,01/10/2026 00:34
0017b121-3884-45c6-af8f-dde5300f9e3d,antonius.hair,available,1.99,17.29,medium,low,8,namesilo,,,19/09/2026 13:34
34f7ee58-d89d-47c9-b54b-d740dca6dd62,bordered.hair,available,1.8,21.98,medium,low,8,namecheap,,,22/09/2026 23:55
2c10c80c-6bc2-449b-8ab4-d950bba3af0e,precipitous.hair,available,1.24,13.97,medium,low,11,spaceship,,,02/10/2026 18:36
ca1aa4b8-8403-4c6b-9f7d-173489f68f24,hollis.hair,available,1.99,17.29,medium,low,6,namesilo,,,28/09/2026 07:30
78115e0a-55ad-4b73-bff0-c001a59cda22,arenaria.hair,available,1.99,17.29,medium,low,8,namesilo,,,20/09/2026 03:39
1c7f5894-0d7e-433d-9d87-71270e37eeef,nun.hair,available,1.24,13.97,high,low,3,spaceship,,,29/09/2026 11:00
ec9ef773-1d51-432c-b54a-de7fa79c41b6,snafu.hair,available,1.8,19.98,medium,low,5,namecheap,,,18/08/2026 17:20
533dcb3a-12a2-4931-bd3a-7d34324626ec,claptrap.hair,available,1.99,17.29,medium,low,8,namesilo,,,24/09/2026 03:39
4fc49f4f-39f2-490b-ac6f-78ef54ee510a,buttermilk.hair,available,1.8,21.98,high,low,10,namecheap,,,24/09/2026 11:20
88abe1b9-0c56-4eb3-ae4b-ca233a24bb51,irrational.hair,available,1.99,17.29,high,low,10,namesilo,,,25/09/2026 11:23
9a830489-53c1-4b79-9b70-8b951572804b,induction.hair,available,1.99,17.29,high,low,9,namesilo,,,29/09/2026 12:10
99b325bb-e67c-4602-9aee-64290e3b9829,corea.hair,available,1.8,21.98,medium,low,5,namecheap,,,02/10/2026 19:36
b94c4700-9440-4c82-a189-21a57b1092b4,pugnacious.hair,available,1.8,19.98,medium,low,10,namecheap,,,21/08/2026 00:21
f4fca767-ce08-4091-8780-93fad45ab613,bantu.hair,available,1.8,19.98,medium,low,5,namecheap,,,08/08/2026 14:50
d54bb455-af55-4dfe-a43a-901aded74894,voiceless.hair,available,1.8,19.98,medium,low,9,namecheap,,,05/08/2026 23:23
d9229fd7-036d-4a9a-a3d9-4fb5de18a0a7,whir.hair,available,1.8,21.98,medium,low,4,namecheap,,,13/09/2026 11:30
39120a2d-8d1d-470e-8e54-015b2844f03d,creative.hair,premium,2070.2,2070.2,high,medium,8,spaceship,,,01/10/2026 01:41
9068da82-027b-437f-a094-ce914acfd05b,robbery.hair,available,1.99,17.29,medium,low,7,namesilo,,,25/09/2026 09:07
3361ca65-42eb-4162-99a7-78cf6863bda5,merseyside.hair,available,1.24,13.97,medium,low,10,spaceship,,,03/10/2026 04:39
7d973fac-eaae-421f-8809-1c8be20f77d9,sermons.hair,available,1.24,13.97,medium,low,7,spaceship,,,01/10/2026 17:38
de169230-2532-48f6-ab04-95c9614fcdf7,advice.hair,premium,715,715,high,low,6,dynadot,,,28/09/2026 19:02
1ec3aa49-f7db-4c63-af70-bf81915dfb73,argive.hair,available,1.8,19.98,medium,low,6,namecheap,,,06/08/2026 18:27
37137c0a-032f-462c-9df3-be7e6b1cc607,contorted.hair,available,1.8,19.98,medium,low,9,namecheap,,,12/08/2026 23:22
ba4d9989-ff1a-4d73-8286-5095ddcbceb3,contribution.hair,available,1.99,14.45,high,low,12,dynadot,,,28/09/2026 04:30
bc635bea-f3b3-4497-beca-a891e1a8d1e0,chequered.hair,available,1.8,19.98,medium,low,9,namecheap,,,12/08/2026 03:40
1e73c1c0-98ed-4d55-a670-54a55a1f267e,elsass.hair,available,1.99,17.29,medium,low,6,namesilo,,,18/09/2026 14:17
3100d85f-a045-4964-a8bb-c5e0055b63f1,metalloid.hair,available,1.8,19.98,medium,low,9,namecheap,,,24/08/2026 21:37
e0f859b7-e3f5-47a8-a71e-43d312d1a8fd,bellini.hair,available,1.99,17.29,high,low,7,namesilo,,,23/09/2026 06:15
e7cd4498-af7b-426d-8e99-8a685c5f2764,facilitation.hair,available,1.99,17.29,high,low,12,namesilo,,,17/09/2026 01:02
902bfeac-8f13-485f-ba13-5eda5ca281fd,despoiled.hair,available,1.8,19.98,medium,low,9,namecheap,,,14/08/2026 04:23
40751198-08bb-43ce-92ea-7f15ef854aac,drowsy.hair,available,1.8,19.98,medium,low,6,namecheap,,,14/08/2026 18:05
d2e9d0b0-86b7-4b84-b50a-cbfb0799b23e,szczecin.hair,available,1.24,13.97,medium,low,8,spaceship,,,03/10/2026 05:18
9dc12ffc-069a-4cf1-8b91-9114ce29bfa4,overarching.hair,available,1.24,13.97,high,low,11,spaceship,,,30/09/2026 20:07
7736cf92-4be8-406c-b92b-318d9e14b32a,oceans.hair,available,1.99,17.29,high,low,6,namesilo,,,18/09/2026 06:58
1aedfe13-d690-4b3e-b778-9f0d8da55c5d,geology.hair,available,1.8,21.98,high,low,7,namecheap,,,29/09/2026 07:05
492cc8f8-ff68-4249-b0ef-42ef784774f2,polydactyl.hair,available,1.8,21.98,medium,low,10,namecheap,,,08/09/2026 23:13
7db12b23-68b6-4e2d-88f2-73ad31fee2a6,access.hair,premium,2660,2660,high,medium,6,namesilo,,,19/09/2026 12:18
ebda63ed-7906-4088-a89f-b674f30e5285,scribe.hair,available,1.99,17.29,high,low,6,namesilo,,,21/09/2026 03:59
71973925-40d5-4131-aaab-48176fafe648,pedestal.hair,available,1.24,13.97,high,low,8,spaceship,,,29/09/2026 12:23
42552d7b-9773-4d1e-b319-794622c5b580,asl.hair,available,1.8,21.98,high,low,3,namecheap,,,18/09/2026 20:39
b81531f0-0374-4101-b6d8-34d9991c9440,lucia.hair,available,1.99,17.29,high,low,5,namesilo,,,28/09/2026 16:23
906e748a-0a08-466f-90d9-29eecb8b3e57,pickaback.hair,available,1.8,21.98,medium,low,9,namecheap,,,15/09/2026 19:48
e48b0803-60e3-4957-942a-b8f0aa009ee5,skipper.hair,available,1.99,14.45,high,low,7,dynadot,,,28/09/2026 03:03
ba1638ca-cab8-4143-9828-af055901f420,highly.hair,available,1.99,17.29,medium,low,6,namesilo,,,28/09/2026 14:51
d91fe7f6-7737-4069-9b98-f6d115341444,unions.hair,available,1.24,13.97,medium,low,6,spaceship,,,30/09/2026 00:35
36102436-647c-44ce-bb8c-9943e090d02e,joining.hair,available,1.8,21.98,high,low,7,namecheap,,,25/09/2026 23:20
de50ec03-7ad1-4c3f-93fc-5563c9250ec5,disagreement.hair,available,1.99,17.29,medium,low,12,namesilo,,,29/09/2026 10:22
35b85fee-f1c9-4754-b0ac-12476cbf836b,chamorro.hair,available,1.24,13.97,medium,low,8,spaceship,,,02/10/2026 19:17
1b458b02-92eb-4e91-af01-1dc36a54153b,rhythmic.hair,available,1.24,13.97,high,low,8,spaceship,,,27/09/2026 14:50
1e8d748a-09a0-42bf-9900-d6d170eab09a,depiction.hair,available,1.99,17.29,high,low,9,namesilo,,,02/10/2026 04:19
f1e1db3a-576b-4f29-89e5-1cfac16188a0,gallop.hair,available,1.99,17.29,high,low,6,namesilo,,,01/10/2026 02:15
327bcfcf-ab3e-4ca6-b32c-b7ff7eddbbb9,barrio.hair,available,1.99,17.29,medium,low,6,namesilo,,,22/09/2026 08:38
9e433961-bb52-490c-aadb-689ee0f6be5b,arising.hair,available,1.24,13.97,high,low,7,spaceship,,,02/10/2026 17:55
46ac7522-7e86-43b5-b629-95ea793c6dd7,bellying.hair,available,1.8,19.98,low,low,8,namecheap,,,09/08/2026 13:37
0510fabc-be68-4208-ad31-3d7aa9421ceb,sdp.hair,available,1.99,17.29,high,low,3,namesilo,,,30/09/2026 12:53
88ba4836-1ce8-4667-877f-657d84b5732f,proverb.hair,available,1.99,17.29,high,low,7,namesilo,,,17/09/2026 06:07
c8e627e7-47de-48ef-b758-eebf448298c5,sets.hair,premium,710.1,710.1,medium,low,4,porkbun,,,02/10/2026 19:51
352fa1c2-dd6d-494d-a7ef-8ddac8cc7f9e,tamar.hair,available,1.99,14.45,high,low,5,dynadot,,,29/09/2026 15:34
29a58de0-91fd-4aaa-a2d6-16135ed59e4e,samson.hair,available,1.24,13.97,high,low,6,spaceship,,,28/09/2026 01:08
ebc5f29e-8dab-4798-b539-1e9de917b97d,briton.hair,available,1.8,19.98,high,low,6,namecheap,,,11/08/2026 04:48
1c327bf5-27d6-4319-9d16-116c766fcbad,compromise.hair,available,1.99,17.29,high,low,10,namesilo,,,24/09/2026 16:54
6a481938-8aa3-4d66-a373-55fb9870c8b2,vocal.hair,available,1.8,21.98,high,low,5,namecheap,,,26/09/2026 03:23
cb80665b-c77d-4246-8bce-57c02848d5a7,psc.hair,available,1.99,17.29,high,low,3,namesilo,,,29/09/2026 22:26
0a5b73f6-9e32-4bc1-b99d-0f9f3597420a,desai.hair,available,1.24,13.97,high,low,5,spaceship,,,30/09/2026 12:39
e6f4fcd2-847b-4147-b89b-d380b87996cd,silas.hair,available,1.99,17.29,high,low,5,namesilo,,,27/09/2026 19:41
eaa23086-fe2a-4127-9873-722b55695308,bedrock.hair,available,1.8,21.98,high,low,7,namecheap,,,22/09/2026 10:39
ee5b7e16-9139-48d4-8dba-a5e811819a21,ironically.hair,available,1.8,21.98,medium,low,10,namecheap,,,15/09/2026 09:24
0dfe019c-2325-4522-95af-cf75abcb8ea4,scalable.hair,available,1.8,21.98,high,low,8,namecheap,,,09/09/2026 22:15
581b9c57-6bc4-4979-8efa-63a6c7e1ad00,unduly.hair,available,1.99,17.29,medium,low,6,namesilo,,,16/09/2026 10:01
db1c895d-a678-4a82-a58a-bedcd4f3dc85,besom.hair,available,1.99,17.29,medium,low,5,namesilo,,,23/09/2026 10:25
c4be035f-66bc-4f28-b71f-6fe6f302f0ca,mouths.hair,available,1.99,17.29,medium,low,6,namesilo,,,18/09/2026 08:01
c5aba43c-9c7f-47d5-8d18-017602da2ae2,fellow.hair,available,1.99,17.29,high,low,6,namesilo,,,22/09/2026 21:55
35918484-2ee9-41ce-9602-a3ddf3a4227e,physique.hair,available,1.99,17.29,high,low,8,namesilo,,,01/10/2026 18:42
0b042fe7-ad7b-4806-9ce8-ff08b615456d,sticking.hair,available,1.99,17.29,high,low,8,namesilo,,,27/09/2026 06:41
1e1238f3-022b-40e1-8434-9f78350bc82a,cattleman.hair,available,1.8,21.98,high,low,9,namecheap,,,23/09/2026 00:40
a84316a4-4901-4c82-83f1-fa5066b12176,struggle.hair,available,1.99,17.29,high,low,8,namesilo,,,29/09/2026 09:49
1d6a987e-d19c-4606-8a7a-505ca7ff848c,womb.hair,available,1.54,14.21,high,low,4,porkbun,,,28/09/2026 20:42
b62fc202-6585-4195-8b07-e6f20f0a1832,npr.hair,available,1.99,17.29,high,low,3,namesilo,,,28/09/2026 07:36
6eced8ca-da5e-4c90-8b61-5946e78e09de,hermetic.hair,available,1.8,19.98,medium,low,8,namecheap,,,21/08/2026 07:10
68369d38-7ddd-48e9-a148-3825716c9252,airstream.hair,available,1.99,17.29,high,low,9,namesilo,,,17/09/2026 23:23
2bab1446-6bb7-4b09-9f13-f38237122ff3,dolphins.hair,premium,2070.2,2070.2,medium,low,8,spaceship,,,28/09/2026 18:14
e2bf3144-c1d5-4f05-b12b-5dafb9b0d4fa,busting.hair,available,1.99,17.29,high,low,7,namesilo,,,03/10/2026 03:24
707259fa-6cc8-438f-b954-bc419806cba2,cambrian.hair,available,1.8,19.98,high,low,8,namecheap,,,11/08/2026 15:45
a908fe3e-09d2-4e17-abcc-541dceed071b,pickings.hair,available,1.8,21.98,medium,low,8,namecheap,,,11/09/2026 07:21
c44a6146-9690-479c-8001-c31eff910098,almagrib.hair,available,1.8,19.98,medium,low,9,namecheap,,,24/08/2026 16:25
ce59906c-bb45-4e6a-a740-1ce5b636aa1b,rosenblatt.hair,available,1.24,13.97,medium,low,10,spaceship,,,02/10/2026 20:35
3189fbd7-2d4c-4b03-aab5-b99a8238a36a,alkeran.hair,available,1.99,17.29,medium,low,7,namesilo,,,18/09/2026 08:31
81229d07-4465-4718-ae36-72bb42429e1f,velocity.hair,resell,1.65,15.75,high,high,8,namesilo,,,30/09/2026 11:35
6666ab74-2f68-4308-a432-379372dcc000,eir.hair,available,1.99,17.29,high,low,3,namesilo,,,01/10/2026 22:54
28976901-c3d4-4214-9d9f-eeb64a47ace4,flowers.hair,premium,832,832,high,medium,7,namesilo,,,02/10/2026 13:54
e6ce4c4c-9af3-4c05-b6a5-6bfa4ebd1549,sausage.hair,available,1.99,17.29,high,low,7,namesilo,,,30/09/2026 10:39
c524eb68-a73a-4431-9006-5b07b6118de0,distracting.hair,available,1.99,17.29,low,low,11,namesilo,,,01/10/2026 16:15
36c00709-a2d3-4829-a51a-96a1fc41b10b,blended.hair,available,1.8,19.98,high,low,7,namecheap,,,10/08/2026 14:14
c48c3383-9993-48a8-a85b-99343620c9d4,luxury.hair,premium,2660,2660,high,low,6,namesilo,,,30/09/2026 02:20
4d5aac5e-e1e6-48b0-a69f-01591dc736b0,profligate.hair,available,1.99,20.99,medium,low,10,name.com,,,13/08/2026 20:24
adf7c2f4-9643-47fe-ac2d-5ff089c008a9,expense.hair,available,1.99,17.29,high,low,7,namesilo,,,24/09/2026 22:30
277d28d8-3a71-4503-804b-f14b5064f06b,grandkid.hair,available,1.24,13.97,high,low,8,spaceship,,,01/10/2026 07:59
b965eb1e-d739-402a-ad70-0fcec4769d2c,prairie.hair,available,1.24,13.97,high,low,7,spaceship,,,30/09/2026 07:12
cea3472a-c74b-4d01-994d-58afc0087dc6,unearthly.hair,available,1.8,19.98,medium,low,9,namecheap,,,16/08/2026 02:28
51de7401-04e3-4393-aba8-f8114846f350,clap.hair,available,1.99,17.29,high,low,4,namesilo,,,29/09/2026 09:38
2917bf5a-f950-4133-892c-9d340acd0acb,pickens.hair,available,1.99,17.29,medium,low,7,namesilo,,,29/09/2026 10:02
7f2ed721-6940-457e-b4ff-ed45c79da424,touring.hair,available,1.99,14.45,high,low,7,dynadot,,,30/09/2026 21:53
7a3ebd84-3a39-48d0-9860-700ba6aa1eed,nacl.hair,available,1.99,17.29,medium,low,4,namesilo,,,30/09/2026 22:52
c7932980-7ab6-4571-af9a-0ce22f68c601,gigantic.hair,available,1.8,19.98,high,low,8,namecheap,,,18/08/2026 23:29
06969a69-2645-4e92-b0a2-5c33819f07ed,batchelor.hair,available,1.24,13.97,high,low,9,spaceship,,,02/10/2026 07:37
5021ee86-e71c-4bdf-a449-7b9ab45e6555,markedly.hair,available,1.8,21.98,medium,low,8,namecheap,,,15/09/2026 13:31
8a56e932-07c7-4c02-8f96-30d0b07441ab,hazy.hair,available,1.8,19.98,medium,low,4,namecheap,,,10/08/2026 16:22
4ea2a796-4225-4bcf-be0b-1b8f96a701ae,consultative.hair,available,1.24,13.97,high,low,12,spaceship,,,30/09/2026 20:07
a424dc15-3c87-45f2-b670-b08e137450cb,punkey.hair,available,1.8,21.98,medium,low,6,namecheap,,,23/09/2026 22:34
efe93979-7e13-4800-bf60-f4eb4b7665bc,marsupial.hair,available,1.8,19.98,high,low,9,namecheap,,,24/08/2026 16:32
b758906a-d57f-4b03-9888-ee46fcbd2373,drifted.hair,available,1.24,13.97,medium,low,7,spaceship,,,30/09/2026 07:02
4e575e10-971b-4e5a-ae2d-00dd9234deb5,phantasma.hair,available,1.8,21.98,high,low,9,namecheap,,,08/09/2026 18:38
40cd557c-3020-415f-a7f7-9bf023a078c8,cuckoo.hair,available,1.99,14.45,high,low,6,dynadot,,,01/10/2026 18:47
311d9861-f07e-405f-8d65-a3108300a134,movie.hair,premium,832,832,high,low,5,namesilo,,,02/10/2026 15:48
21c1e523-bf2b-4e5a-885b-8899fc0a8509,janie.hair,available,1.24,13.97,high,low,5,spaceship,,,01/10/2026 08:49
8c9b133e-b5b0-4656-bfd9-db68ced2d0cd,hla.hair,available,1.99,17.29,high,low,3,namesilo,,,29/09/2026 09:14
0d62869c-aa65-4613-9798-347d0fee501f,invincibly.hair,available,1.8,21.98,medium,low,10,namecheap,,,15/09/2026 09:08
d16e8d60-ad97-4e34-894e-d0844cba9813,voucher.hair,available,1.24,13.97,high,low,7,spaceship,,,01/10/2026 01:36
2e77001f-cf3b-4bd8-9326-6b9d0e6355e1,faces.hair,available,1.65,15.75,high,low,5,namesilo,,,
0083aad0-dbad-41d7-b219-6d7b092daf6b,gargantuan.hair,available,1.8,19.98,medium,low,10,namecheap,,,16/08/2026 03:33
3a9d1f9c-81fd-4149-abbb-a156dae9a70c,geodesic.hair,available,1.8,19.98,high,low,8,namecheap,,,18/08/2026 22:23
ed1da10c-af75-46a3-8c42-96b7517b1b9b,picasso.hair,available,1.24,13.97,high,low,7,spaceship,,,28/09/2026 20:04
3e984f8d-3b48-446f-a36c-f755a9e3ea5f,teo.hair,available,1.99,14.45,high,low,3,dynadot,,,02/10/2026 10:33
5f119d18-9827-4dff-a20b-6987a77034a7,tattletale.hair,available,1.8,21.98,medium,low,10,namecheap,,,11/09/2026 10:28
4de29ee1-5550-4a94-a478-8515824a3c20,armament.hair,available,1.8,21.98,medium,low,8,namecheap,,,20/09/2026 06:31
4d9456c0-09dc-48a2-9f25-dbee5ac10a81,neophyte.hair,available,1.8,19.98,medium,low,8,namecheap,,,18/08/2026 07:34
f0986d4a-a68e-4f54-914e-c4c09c3cd511,paula.hair,available,1.99,17.29,high,low,5,namesilo,,,25/09/2026 14:33
7cb2e485-6cb2-414f-9e67-b9aac1cacc33,annealing.hair,available,1.8,21.98,high,low,9,namecheap,,,11/09/2026 10:58
3b559241-c4c4-4ed4-a902-a09b1452b39a,storyboards.hair,available,1.8,21.98,medium,low,11,namecheap,,,20/09/2026 14:39
56b3a3f9-8e56-4099-a1b9-923117be5597,ephemeral.hair,available,1.8,19.98,high,low,9,namecheap,,,17/08/2026 10:17
403934cf-33a1-4e5b-a24f-1b4ca793af62,tasted.hair,available,1.24,13.97,medium,low,6,spaceship,,,29/09/2026 11:03
8839c60c-ab3f-4f15-8b45-bbd8c0c28ba1,protean.hair,available,1.8,21.98,high,low,7,namecheap,,,09/09/2026 04:06
76d80837-5fc1-4bff-a90d-00b6130a9a86,recognised.hair,available,1.99,17.29,high,low,10,namesilo,,,21/09/2026 15:30
d989f9c0-ba55-4ad9-ac1e-8396ca1a01a2,socratic.hair,available,1.8,21.98,high,low,8,namecheap,,,10/09/2026 13:20
0d898862-58b9-4efb-9b33-3bfa43bf6e74,assure.hair,available,1.99,14.45,high,low,6,dynadot,,,30/09/2026 07:34
ed280bfd-481d-432d-b275-5d998093f72b,belated.hair,available,1.8,19.98,medium,low,7,namecheap,,,09/08/2026 12:37
6c2ee6b9-2d64-4a54-88fa-b5a01fdad77a,sunset.hair,premium,2183.84,2183.84,high,low,6,porkbun,,,28/09/2026 01:58
d4590a1e-ffe5-4490-817c-65a86d47ac96,plunk.hair,available,1.8,21.98,medium,low,5,namecheap,,,15/09/2026 20:41
01e82e05-8e6a-4d89-a71c-3c03ff3fde9b,coleridge.hair,available,1.99,17.29,medium,low,9,namesilo,,,28/09/2026 09:24
8e6a9075-001e-4e77-b5ec-3bc1055684b6,exercising.hair,available,1.24,13.97,high,low,10,spaceship,,,29/09/2026 18:30
0b853705-1177-4d9a-96db-f88c0ac5d072,frankly.hair,available,1.8,21.98,high,low,7,namecheap,,,14/09/2026 05:08
76f826da-40c3-4f59-bc2f-f010855c61a8,gloaming.hair,available,1.8,21.98,medium,low,8,namecheap,,,11/09/2026 21:41
85fc44ce-ea8a-4ff3-b743-1335efc5a0c1,insidious.hair,available,1.8,19.98,medium,low,9,namecheap,,,22/08/2026 07:05
85915b69-458c-4d00-9b9f-89dbf177d0d4,perverted.hair,available,1.8,19.98,medium,low,9,namecheap,,,14/08/2026 02:36
e1d38d3b-9e18-46be-8763-cc711ea415b8,xxxiii.hair,available,1.65,15.75,medium,low,6,namesilo,,,
02d09656-e78e-4726-be65-bd34458f8d25,cuddly.hair,available,1.8,19.98,high,low,6,namecheap,,,13/08/2026 10:11
5b695517-81da-4d31-b2e6-8730c79afe94,patna.hair,available,1.99,17.29,medium,low,5,namesilo,,,30/09/2026 20:46
96e06601-b324-4dbd-82f1-d7e2fefcd1a6,placable.hair,available,1.8,21.98,high,medium,8,namecheap,,,08/09/2026 20:13
9a42d8d2-ec09-494e-afdd-fb96362e1a2f,throughout.hair,available,1.8,19.98,medium,low,10,namecheap,,,17/08/2026 00:49
704e6e16-e590-4e57-a15a-1fa0b6136b58,areopagus.hair,available,1.99,17.29,medium,low,9,namesilo,,,20/09/2026 03:52
181c4c55-abd9-4685-9572-910c28fd4aed,spd.hair,available,1.54,14.21,high,low,3,porkbun,,,28/09/2026 03:51
779615bc-bcb5-49af-a83f-993a90a0ba85,squarely.hair,available,1.8,19.98,medium,low,8,namecheap,,,18/08/2026 12:39
6bf7a124-4d05-4b8c-a12d-55bdef13e28d,experimented.hair,available,1.99,14.45,medium,low,12,dynadot,,,30/09/2026 07:34
705342bc-0f52-4d38-9f52-74fc04370bbd,ownerless.hair,available,1.8,21.98,medium,low,9,namecheap,,,04/09/2026 22:18
fb1b698a-7b7b-4e2b-88ed-e29bedf489cc,purcell.hair,available,1.99,17.29,high,low,7,namesilo,,,28/09/2026 02:05
f5319407-8a9e-42e2-8d36-b5e6a7048037,ramsay.hair,available,1.99,17.29,medium,low,6,namesilo,,,25/09/2026 15:54
f26484f4-14f6-479b-97c8-c0eeace45577,renounce.hair,available,1.8,21.98,high,low,8,namecheap,,,29/09/2026 14:11
63f36491-c582-4a43-adbc-fb02a096077a,lsa.hair,available,1.99,17.29,medium,low,3,namesilo,,,01/10/2026 18:39
7abf7f33-7871-4353-8555-cd9a58f395e6,cancerous.hair,available,1.8,19.98,medium,low,9,namecheap,,,11/08/2026 16:33
1084d6c4-f6a2-45b1-b0d2-c3892275ccb4,muhammad.hair,available,1.24,13.97,medium,low,8,spaceship,,,28/09/2026 13:59
73ab9b88-4ff4-4643-8755-b5ec24ec4513,baja.hair,available,1.99,17.29,medium,low,4,namesilo,,,29/09/2026 21:54
0434e96b-20ff-4f41-9a9b-b7e34f4f1081,answerable.hair,available,1.99,17.29,high,low,10,namesilo,,,22/09/2026 05:32
18569d36-3505-4e00-9009-97df2b7da9d5,amundsen.hair,available,1.99,17.29,medium,low,8,namesilo,,,19/09/2026 00:12
ef426021-1cf9-43ef-a71d-41d7d483fb26,skirmish.hair,available,1.99,17.29,high,low,8,namesilo,,,02/10/2026 15:00
d9c7ecf3-3c71-4bf3-9fce-55b05b8aa240,acknowledge.hair,available,1.99,17.29,high,low,11,namesilo,,,01/10/2026 00:33
ab057ab0-aa6f-49f6-869b-95592e873952,huffy.hair,available,1.8,19.98,medium,low,5,namecheap,,,21/08/2026 14:40
66ed030d-fd19-463b-95e0-82fedd949838,nbc.hair,premium,2660,2660,high,high,3,namesilo,,,25/09/2026 11:13
b7be2da5-d546-4d83-9095-98ebaa08b225,upsetting.hair,available,1.8,19.98,medium,low,9,namecheap,,,14/08/2026 09:55
03be0a73-082f-40e0-b7d1-f5dc4286604b,waive.hair,available,1.8,19.98,high,low,5,namecheap,,,18/08/2026 11:49
75b00f65-814f-4a01-ae5d-5e53ea7f7ca6,spheric.hair,available,1.8,19.98,medium,low,7,namecheap,,,08/08/2026 10:16
4bd09591-c5ea-4481-9826-f1e1e0b7e080,advertiser.hair,available,1.8,21.98,high,low,10,namecheap,,,17/09/2026 08:38
d7fb138b-b1a9-4e12-8b6c-b07e55f39949,thorny.hair,available,1.8,19.98,medium,low,6,namecheap,,,08/08/2026 17:55
39d0fcdb-25d0-40c1-8e95-7a6c19a4a528,currently.hair,available,1.54,14.21,medium,low,9,porkbun,,,28/09/2026 14:29
9a29d64e-dd48-4ea3-bde2-6c9179282c4f,squeeze.hair,available,1.8,19.98,high,low,7,namecheap,,,20/08/2026 22:27
7cfa8e6c-6ebd-4a54-9df6-299d9a4e6d3f,atomiser.hair,available,1.99,17.29,medium,low,8,namesilo,,,21/09/2026 00:19
5b462500-f539-4b26-8839-748438c9a9d4,bells.hair,available,1.99,17.29,high,low,5,namesilo,,,25/09/2026 15:52
ff7a22df-7106-4820-b150-eb90b11cfd4b,reap.hair,available,1.99,17.29,high,low,4,namesilo,,,30/09/2026 01:50
ab347af6-478c-4475-99c2-f60386c80311,bextra.hair,available,1.99,17.29,medium,low,6,namesilo,,,23/09/2026 12:09
2cbd8517-6710-4ade-98c9-8b33dbc069ad,louie.hair,available,1.8,21.98,high,low,5,namecheap,,,28/09/2026 11:43
9198d32b-0982-4241-bb88-a667463463b2,lowers.hair,available,1.99,17.29,medium,low,6,namesilo,,,02/10/2026 12:45
612cfc70-9aa3-4a07-bb3c-a2872ab05dc5,teachable.hair,available,1.8,21.98,high,low,9,namecheap,,,11/09/2026 09:34
56429c59-c88e-483d-a4a9-665df7ea216f,volt.hair,available,1.8,21.98,high,low,4,namecheap,,,13/09/2026 00:34
11b8addb-fc16-4f18-aecb-c9a2fc3f470b,envision.hair,premium,2500,2500,high,low,8,name.com,,,17/08/2026 21:59
285ffce8-1acf-4076-9e22-6bef1c6b0a4f,asymptotic.hair,available,1.8,19.98,medium,low,10,namecheap,,,07/08/2026 10:30
9d2a8874-e65f-4e46-9216-3b316dcd963d,abscissa.hair,available,1.99,17.29,medium,low,8,namesilo,,,16/09/2026 17:32
7ca38d4d-7db6-4fa5-a968-5812be8ffe64,chronic.hair,available,1.8,19.98,high,low,7,namecheap,,,12/08/2026 07:24
dbb9c30f-ffa7-4bb0-9ac2-238b22c0a680,trinity.hair,premium,2600,2600,high,medium,7,namecheap,,,21/09/2026 13:07
b2ba3884-1b41-4ee6-8f32-b1c7e5dc4989,compared.hair,available,1.99,17.29,medium,low,8,namesilo,,,27/09/2026 09:01
88500df4-0098-49e7-83e0-954568bae29a,whack.hair,available,1.99,17.29,high,low,5,namesilo,,,01/10/2026 22:02
7ad9ae81-6ece-4ea5-bd4b-c46a00a02eeb,offend.hair,available,1.99,14.45,medium,low,6,dynadot,,,28/09/2026 18:28
df7b8791-af95-464c-b70f-8d1277c89747,tawdry.hair,available,1.8,19.98,medium,low,6,namecheap,,,12/08/2026 03:29
2dd84113-3b61-410c-8410-8b05ce80d753,pithy.hair,available,1.99,17.29,high,low,5,namesilo,,,19/09/2026 23:01
eb05dd71-0b0e-4665-a946-807aaac2732c,blackfriar.hair,available,1.8,19.98,medium,low,10,namecheap,,,14/08/2026 15:46
1e789a5b-9937-4fd9-b961-7084e6b11a39,rascal.hair,available,1.8,21.98,high,low,6,namecheap,,,30/09/2026 17:49
7cfc3c75-8471-4830-9b21-273f7cb642db,washout.hair,available,1.8,19.98,medium,low,7,namecheap,,,14/08/2026 20:57
f65d4d5a-bf08-4a10-9681-740a512504df,dairy.hair,available,1.99,17.29,high,low,5,namesilo,,,01/10/2026 10:55
466cb48c-4b0a-4842-b6d0-1cc7e75c9b75,allegiant.hair,available,1.65,15.75,high,low,9,namesilo,,,
41cbc2a9-9046-4817-8743-a88ec50b12a2,knowing.hair,available,1.99,17.29,high,low,7,namesilo,,,25/09/2026 10:04
09332f94-82bf-48c3-a580-a46774ff6caf,wreck.hair,available,1.99,17.29,high,low,5,namesilo,,,27/09/2026 05:55
1a5b6719-a70d-4ec9-830e-5dac6d122de9,accuse.hair,available,1.24,13.97,medium,low,6,spaceship,,,29/09/2026 02:41
8b097b2f-e3ed-4024-9348-9d10fd1b2c9a,immortal.hair,available,1.8,19.98,high,low,8,namecheap,,,21/08/2026 21:12
72ae76bc-ae44-475f-821b-22086eb0d3b1,tortuous.hair,available,1.8,21.98,medium,low,8,namecheap,,,11/09/2026 18:01
42d72422-0b03-413c-9b31-1a7eb4155b70,conceived.hair,available,1.99,17.29,medium,low,9,namesilo,,,28/09/2026 22:54
8187ac4f-5e89-4fc6-951a-fed4a24a388d,farther.hair,available,1.99,17.29,high,low,7,namesilo,,,24/09/2026 17:01
2d6aa194-0fbe-4adc-a9d0-d1f5ad54676d,dla.hair,available,1.99,17.29,high,low,3,namesilo,,,01/10/2026 11:00
3b3366af-4ec2-4706-b904-8f45f76b9b29,rapture.hair,available,1.24,13.97,high,low,7,spaceship,,,02/10/2026 04:40
37d6a62d-e351-4a6d-80f7-313f24fbf309,aldebaran.hair,available,1.99,17.29,medium,low,9,namesilo,,,18/09/2026 04:20
28f14a7e-ea3b-4784-aee2-7a6483560c24,tactics.hair,available,1.99,17.29,high,low,7,namesilo,,,01/10/2026 10:43
c42ca7f9-bbf0-493a-8f6f-47fc03875715,firewall.hair,available,1.24,13.97,high,low,8,spaceship,,,01/10/2026 02:10
17576d63-2805-4cbd-9e13-65916e5ab678,talebearer.hair,available,1.8,21.98,medium,low,10,namecheap,,,11/09/2026 10:34
6281d97b-9c94-4e72-bf0c-8e11d347f912,disorderly.hair,available,1.8,19.98,medium,low,10,namecheap,,,14/08/2026 11:51
34e50326-e231-4dd9-ac71-7627ba12479f,integrated.hair,available,1.24,13.97,high,low,10,spaceship,,,02/10/2026 08:15
f78453fc-4b79-4918-a114-78b0cbabb10e,yeats.hair,available,1.99,17.29,medium,low,5,namesilo,,,28/09/2026 15:32
a4d89690-acf7-4e9f-a209-22388652b16e,giant.hair,available,1.8,21.98,high,low,5,namecheap,,,24/09/2026 13:50
e3121590-3a20-406e-8869-9b2bbae05f1c,combustive.hair,available,1.8,19.98,low,low,10,namecheap,,,12/08/2026 18:42
a81e37ae-8260-4d83-9ee7-40c5413498a1,paperwork.hair,available,1.24,13.97,high,low,9,spaceship,,,28/09/2026 02:53
3de23b36-b3b5-4d16-97c6-4929ab63a937,injected.hair,available,1.99,17.29,medium,low,8,namesilo,,,29/09/2026 10:57
fc1e0fe1-6f24-469a-96ec-53444c1fe985,undeniable.hair,available,1.8,21.98,high,low,10,namecheap,,,12/09/2026 07:15
dfec543a-a4dc-47fb-a4f4-f2aadd4c9b03,disjoint.hair,available,1.8,19.98,medium,low,8,namecheap,,,14/08/2026 11:09
14a14ba8-484c-4d32-b8ac-e9a33de41f17,ivanhoe.hair,available,1.99,17.29,high,low,7,namesilo,,,01/10/2026 08:05
3f4399f3-997a-4505-8eb7-b5a50a9b00b3,implies.hair,available,1.24,13.97,medium,low,7,spaceship,,,29/09/2026 15:58
b4e898f2-2359-4e41-9796-123603904a6a,monumental.hair,available,1.8,21.98,high,low,10,namecheap,,,25/09/2026 17:13
88a1f61a-a8a4-4912-a72d-4c6ad9c5a95c,holborn.hair,available,1.24,13.97,medium,low,7,spaceship,,,02/10/2026 00:45
820e5432-6ba5-48ae-9484-d6363966687f,sublimated.hair,available,1.8,21.98,medium,low,10,namecheap,,,11/09/2026 00:06
2107cf3d-3a36-486f-80b2-74395a899b07,lunar.hair,premium,2660,2660,high,medium,5,namesilo,,,25/09/2026 15:39
61ee18a2-1902-496e-ba66-ddfc7a4ee14e,paz.hair,available,1.99,17.29,high,low,3,namesilo,,,25/09/2026 14:05
2382bcff-e899-4206-9e43-7d4dbd126e8d,powder.hair,premium,2660,2660,high,low,6,namesilo,,,25/09/2026 23:00
28ff7ece-0638-4c11-9cd6-cd2061f35f02,maud.hair,available,1.99,17.29,medium,low,4,namesilo,,,01/10/2026 07:00
ab3e5780-df3d-441b-a17c-f57f768b25a8,reversed.hair,available,1.24,13.97,high,low,8,spaceship,,,27/09/2026 14:11
0a032b22-a67c-4fc6-a92c-009b03200bb6,sweep.hair,available,1.99,17.29,high,low,5,namesilo,,,24/09/2026 10:48
ab88dc20-0769-47af-883a-ab746633503c,kraft.hair,premium,2660,2660,high,low,5,namesilo,,,01/10/2026 02:49
a7f8a57f-0b72-4f7e-b9b6-9dcdde86353f,colombian.hair,available,1.8,19.98,high,low,9,namecheap,,,12/08/2026 17:18
7b9dae72-b37f-471e-9c7c-34880c7d5620,christology.hair,available,1.24,13.97,medium,low,11,spaceship,,,02/10/2026 21:35
2957ad9e-2f4a-4937-ba0d-b5ab3b2f47b7,squab.hair,available,1.8,21.98,medium,low,5,namecheap,,,10/09/2026 17:08
74777281-d428-4719-9cbd-0924bb20b2ac,acquainted.hair,available,1.99,17.29,high,low,10,namesilo,,,28/09/2026 07:02
c08cef94-e9fb-40b3-8d9a-272fd68f6a41,dennison.hair,available,1.99,17.29,medium,low,8,namesilo,,,30/09/2026 05:23
f03a4bca-81ab-49bb-b874-8fa545a93d19,sniffly.hair,available,1.8,21.98,high,medium,7,namecheap,,,10/09/2026 12:35
8cfccdc5-25a5-4d5d-b236-c69af7570ca0,casanova.hair,available,1.99,14.45,high,low,8,dynadot,,,02/10/2026 04:18
e1642037-ef60-44c1-92e1-2cf1dab16f53,crocodile.hair,available,1.24,13.97,high,low,9,spaceship,,,29/09/2026 12:11
4e98c2fe-f81c-408b-861f-b7efdfc7037b,verbalise.hair,available,1.8,21.98,medium,low,9,namecheap,,,13/09/2026 00:16
132f4bc1-6fc3-4b37-a159-27cead4167d4,anion.hair,available,1.99,20.99,medium,low,5,name.com,,,19/09/2026 09:23
e4d45821-7c6c-49c0-ac12-96c1239a8574,lighterman.hair,available,1.99,17.29,medium,low,10,namesilo,,,22/09/2026 05:46
c4d7a491-519b-4165-942d-15d9ce4639a4,typewriters.hair,available,1.99,17.29,medium,low,11,namesilo,,,21/09/2026 07:13
4a2f5bdb-e8f4-48c6-8449-5119b9606164,birthplace.hair,available,1.8,21.98,high,low,10,namecheap,,,23/09/2026 21:18
51b00777-da2e-43a1-8acd-3d5202072cac,macedonian.hair,available,1.8,19.98,high,low,10,namecheap,,,24/08/2026 12:46
628ed745-d31a-40f4-b03f-4c5f9f3885be,enrichment.hair,available,1.24,13.97,high,low,10,spaceship,,,03/10/2026 00:40
3fb7d9fd-06c1-44b7-ac5b-a2d1f59078f9,rockers.hair,available,1.99,17.29,high,low,7,namesilo,,,23/09/2026 15:34
37a93553-885f-4e11-b4ba-cc5e644dbf8a,archivist.hair,available,1.99,17.29,high,low,9,namesilo,,,20/09/2026 02:21
4d4384f9-fb11-47bc-a0dc-f2745f7e998d,inspire.hair,available,1.99,17.29,high,medium,7,namesilo,,,22/09/2026 04:50
de62d21a-f17c-4cc8-a31b-1cd2a13990ad,blackness.hair,available,1.8,19.98,medium,low,9,namecheap,,,10/08/2026 10:54
623d87e6-98e6-4147-a755-9c84b2340862,barde.hair,available,1.8,21.98,medium,low,5,namecheap,,,22/09/2026 05:12
073b8ca1-4ecb-4ea7-a25c-b3d1b2d4c007,recollection.hair,available,1.54,14.21,high,low,12,porkbun,,,30/09/2026 14:16
a9b4777d-1870-472c-ab6c-4d7655ad1054,inhalant.hair,available,1.8,19.98,high,low,8,namecheap,,,22/08/2026 05:02
66bac18d-3dac-417b-935d-63e15639438c,attacker.hair,available,1.99,17.29,high,low,8,namesilo,,,17/09/2026 17:41
7c43a711-65d3-4ff9-ba56-e8f6b8f08c71,ministry.hair,available,1.24,13.97,high,low,8,spaceship,,,28/09/2026 19:53
983e9476-119c-44fa-879b-e8674f54e67f,kills.hair,available,1.8,21.98,medium,low,5,namecheap,,,25/09/2026 21:19
bb33bdc1-3afd-4b19-8671-ad68d27ba0b8,repeats.hair,available,1.99,17.29,medium,low,7,namesilo,,,29/09/2026 17:30
3df94184-9ff0-49c9-973e-1a0045a03d3f,ascent.hair,available,1.99,20.99,high,low,6,name.com,,,22/09/2026 09:19
ccedd0c4-5a38-4382-b2f3-6f8adf78f261,emil.hair,available,1.8,21.98,high,low,4,namecheap,,,25/09/2026 15:33
1f18c874-ea6a-464a-ab21-9be63cafc40a,snodgrass.hair,available,1.24,13.97,medium,low,9,spaceship,,,02/10/2026 09:41
d32c6918-3c32-4cef-bbaf-11b0171b5737,preposterous.hair,available,1.24,13.97,medium,low,12,spaceship,,,30/09/2026 19:43
dc36ce94-9087-4291-83a2-7cb2c5d29931,urs.hair,available,1.24,13.97,medium,low,3,spaceship,,,01/10/2026 22:48
2ea5e921-d769-41d6-9658-457fdbd9940f,medal.hair,available,1.24,13.97,high,low,5,spaceship,,,30/09/2026 02:12
0bd07941-6d82-43f4-a770-b87cd1110b8c,drills.hair,available,1.54,14.21,medium,low,6,porkbun,,,30/09/2026 15:41
4d051324-83e9-491f-856b-d28626294679,appaloosa.hair,available,1.99,17.29,medium,low,9,namesilo,,,19/09/2026 19:45
8bbf0836-7b46-4d49-9bd0-81b0b349ca89,pizzicato.hair,available,1.8,21.98,high,medium,9,namecheap,,,08/09/2026 20:12
58818afd-4d3d-4803-b885-9bf40b223dad,auditions.hair,available,1.99,17.29,medium,low,9,namesilo,,,30/09/2026 16:27
e27c83a1-0052-4d9c-817e-0bf214748b81,nursed.hair,available,1.8,21.98,medium,low,6,namecheap,,,03/09/2026 23:03
5739edda-8d2d-49bf-9110-979705ea11ee,margie.hair,available,1.99,17.29,medium,low,6,namesilo,,,02/10/2026 09:16
5ecc20ce-433c-4a75-a8ad-117c6edf0c72,smokey.hair,available,1.99,14.45,high,low,6,dynadot,,,02/10/2026 19:03
b9ad409a-9b3b-4dc3-a79e-144084442943,dimensional.hair,available,1.99,17.29,high,low,11,namesilo,,,30/09/2026 03:41
cf798135-1cce-43b9-be29-65b65ddbdbc2,discus.hair,available,1.8,21.98,high,low,6,namecheap,,,24/09/2026 22:35
a97b821b-68fc-47cb-ab6c-b6efb19e2d91,psychical.hair,available,1.8,21.98,medium,low,9,namecheap,,,09/09/2026 05:07
17a23ce1-e9de-49df-b494-4c3de1342cb9,nikola.hair,available,1.99,17.29,high,low,6,namesilo,,,29/09/2026 22:11
d085eb83-d124-41a1-9547-4442350464ae,aaron.hair,premium,2660,2660,high,medium,5,namesilo,,,28/09/2026 16:56
1157e057-57c6-4036-a167-bbd42a72e2f6,petty.hair,available,1.8,21.98,high,low,5,namecheap,,,24/09/2026 17:49
401eb85b-d020-4367-b5a6-a994e010a079,formula.hair,available,1.24,13.97,high,low,7,spaceship,,,02/10/2026 11:44
774bd269-b938-490f-8c5b-7fcf82894d66,era.hair,available,1.24,13.97,high,medium,3,spaceship,,,29/09/2026 17:28
b8cfb6a4-365a-4d78-a68c-76fdfce7c9d5,humanely.hair,available,1.8,21.98,medium,low,8,namecheap,,,15/09/2026 01:17
ec93842d-0771-42f1-a087-1762ede7f02f,lxi.hair,available,1.65,15.75,medium,low,3,namesilo,,,
0477f15e-64d9-407d-bbe4-1edacc2e3ab8,honoring.hair,available,1.24,13.97,high,low,8,spaceship,,,29/09/2026 13:04
ff0edc18-f142-413c-a6d9-78879cf80cd8,ticks.hair,available,1.99,14.45,medium,low,5,dynadot,,,02/10/2026 23:00
eaeaa527-0cd7-4d57-b682-f8acc74d9cfc,harmonized.hair,available,1.8,19.98,high,low,10,namecheap,,,12/08/2026 22:50
2866575b-d0e9-4da4-881a-82b58b3e3450,boron.hair,available,1.8,21.98,medium,low,5,namecheap,,,20/09/2026 23:12
f2f6b491-5af8-4091-b1da-6f87ccf3a70a,creditably.hair,available,1.8,21.98,medium,low,10,namecheap,,,14/09/2026 09:30
966115e6-4cf7-480a-a785-2aea3302b02c,chive.hair,available,1.99,17.29,high,low,5,namesilo,,,18/09/2026 11:28
e71134cb-bba2-4a18-b9d3-b07b9200c231,crease.hair,available,1.8,19.98,high,low,6,namecheap,,,13/08/2026 07:14
1bae9755-eb60-4381-98a4-78c75a6899bd,into.hair,available,1.99,17.29,high,low,4,namesilo,,,01/10/2026 01:13
5a5ae608-8b19-4cc5-bfbf-9b1cf0f39c0e,uuh.hair,available,1.99,17.29,medium,low,3,namesilo,,,20/09/2026 22:22
90f73eca-7024-4e08-9367-e2c7040d22d0,clan.hair,available,1.8,19.98,high,low,4,namecheap,,,22/08/2026 16:05
cfeb0dc6-402e-4bd3-90c6-7f1edba9f6a4,corpses.hair,available,1.54,14.21,low,low,7,porkbun,,,28/09/2026 23:15
f0de88c8-34c6-4ff7-96bb-861a2ab98fe2,shroud.hair,available,1.54,14.21,high,low,6,porkbun,,,02/10/2026 14:37
7a11526c-52dd-4d6c-88c0-ac0b287061b8,sumbody.hair,available,1.99,17.29,medium,low,7,namesilo,,,02/10/2026 04:44
c84765eb-246a-4b23-b594-b004bd5f365c,dull.hair,available,1.99,17.29,medium,low,4,namesilo,,,23/09/2026 00:25
e7718ba6-bbd6-46b8-b007-ef09484b4189,cons.hair,available,1.99,17.29,high,low,4,namesilo,,,01/10/2026 23:45
55bf1d34-ef71-4089-a6a8-6448d6ba62f9,symons.hair,available,1.99,17.29,medium,low,6,namesilo,,,20/09/2026 11:07
b76c8cd1-e6c5-416e-a270-d6bd71e4a780,achieved.hair,available,1.24,13.97,high,low,8,spaceship,,,28/09/2026 12:45
b7a04d88-1193-46b9-b52e-b78cca6e635f,identify.hair,available,1.99,17.29,high,low,8,namesilo,,,25/09/2026 12:36
3e41473b-4c88-4602-95c1-e1b0050b6d36,cyclone.hair,available,1.99,14.45,high,low,7,dynadot,,,30/09/2026 09:19
47b9db36-9f63-41ee-8ef6-293aa966007b,dismal.hair,available,1.8,19.98,medium,low,6,namecheap,,,14/08/2026 11:38
ef1772a5-45d0-48ad-8ac6-5da8c76727e1,cancun.hair,available,1.99,17.29,high,low,6,namesilo,,,24/09/2026 12:01
a430c36f-d136-4f74-8059-d92250a0cd6b,ambrosial.hair,available,1.65,15.75,medium,low,9,namesilo,,,
2869a131-d45f-451a-ba37-65ca59abe2d6,fleshy.hair,available,1.8,19.98,medium,low,6,namecheap,,,18/08/2026 08:02
7b356c23-2bef-4880-876e-46505faefff3,ted.hair,available,1.99,17.29,high,low,3,namesilo,,,30/09/2026 12:54
a3b0b851-9830-443c-9c7d-652430d4e684,wholesale.hair,available,1.24,13.97,high,low,9,spaceship,,,02/10/2026 11:52
a8f6880e-4cfd-4385-8fa8-6c250ea5c546,vulnerable.hair,available,1.8,21.98,high,low,10,namecheap,,,13/09/2026 07:24
49506e87-45f4-42ca-9b0b-64ae541dadcd,snaky.hair,available,1.8,21.98,medium,low,5,namecheap,,,10/09/2026 04:47
dfe6f93f-e85a-43c0-aef1-c1aa2079db57,fireball.hair,available,1.99,17.29,high,low,8,namesilo,,,21/09/2026 22:35
57a41f02-ba79-43bb-8ba2-8b33cc541e09,rustle.hair,available,1.8,21.98,high,low,6,namecheap,,,13/09/2026 11:37
ae2c1316-814c-4408-a65b-92cc9f019552,footnote.hair,available,1.24,13.97,high,low,8,spaceship,,,02/10/2026 15:12
ce7c6a5b-00e7-4dac-953c-b1622707fb01,corrosion.hair,available,1.8,21.98,high,low,9,namecheap,,,24/09/2026 18:21
7b6821c8-f324-43cd-845c-a03c8bc2e880,smoke.hair,available,1.24,13.97,high,low,5,spaceship,,,27/09/2026 23:23
58cb0fc9-3c4a-4f86-a7e5-2b586e32ae6f,abrogation.hair,available,1.99,17.29,medium,low,10,namesilo,,,16/09/2026 17:14
66bdc8f9-bab5-4911-9b55-2170855b7eee,myer.hair,available,1.99,14.45,medium,low,4,dynadot,,,29/09/2026 22:41
592c04a1-70da-4b63-b19e-f8737e2b2854,gist.hair,available,1.8,21.98,high,low,4,namecheap,,,14/09/2026 23:42
3c57e827-3382-4b9e-8006-642dad659ace,england.hair,available,1.24,13.97,high,low,7,spaceship,,,29/09/2026 18:14
427467a7-fa33-40af-be65-aad0039eb21c,spirituality.hair,available,1.99,17.29,high,low,12,namesilo,,,30/09/2026 06:12
4b785772-b610-43b1-9b9e-52977c1b501e,bigot.hair,available,1.99,17.29,medium,low,5,namesilo,,,23/09/2026 15:20
ca0d8d7c-abfe-47b4-93e4-7a5a56b9a2da,baseplate.hair,available,1.65,15.75,medium,low,10,namesilo,,,
2733b282-3ee7-44ba-8c81-f566c9983748,flooding.hair,available,1.99,17.29,medium,low,8,namesilo,,,29/09/2026 00:57
23c84b13-eead-4061-9b52-dc3096ab99cc,dioecious.hair,available,1.8,19.98,medium,low,9,namecheap,,,14/08/2026 08:20
0b1c04bf-78d8-4419-8ab9-b6563e57542f,overlapping.hair,available,1.24,13.97,high,low,11,spaceship,,,29/09/2026 08:54
9a7ee80c-64fe-40ed-920d-219b47a39165,kuhn.hair,available,1.99,25.99,high,low,4,godaddy,,,28/09/2026 02:14
0b9dffe6-55cd-41e3-8081-f817f4a6dade,obtainable.hair,available,1.8,19.98,high,low,10,namecheap,,,18/08/2026 23:06
84532f10-7b29-420a-8ee7-9bfb4f9b5143,retracted.hair,available,1.99,17.29,medium,low,9,namesilo,,,27/09/2026 13:32
a33e2f96-70d7-4682-a63e-6b4e9f2fa786,somewhere.hair,available,1.99,17.29,high,low,9,namesilo,,,16/09/2026 04:14
64336bef-ba08-41ee-979d-546a520e1ff9,balthasar.hair,available,1.99,17.29,high,low,9,namesilo,,,22/09/2026 00:15
d5c5aa5b-cee9-4748-a526-70546595cfd9,assuring.hair,available,1.8,19.98,medium,low,8,namecheap,,,07/08/2026 08:31
d9084033-362c-402d-b35c-2fda9ec7c932,batter.hair,available,1.99,17.29,high,low,6,namesilo,,,22/09/2026 14:16
3449efd5-ee30-4511-b661-1a96a62605fc,certify.hair,available,1.8,19.98,high,low,7,namecheap,,,24/08/2026 15:04
55c35f2f-808a-4243-9557-88d289e3b6b8,pharma.hair,premium,2600,2600,high,low,6,namecheap,,,02/10/2026 04:38
ccc52b85-0347-4d59-a445-8a06e5961819,gimp.hair,available,1.8,19.98,medium,low,4,namecheap,,,23/08/2026 13:28
efab514f-37b9-403c-b3db-0ca9302368c5,rechargeable.hair,available,1.54,14.21,high,low,12,porkbun,,,01/10/2026 05:50
6f79c944-924a-413d-a9af-48abeccea48f,noise.hair,available,1.99,17.29,high,low,5,namesilo,,,29/09/2026 22:07
61f7ab8c-3935-461d-9715-67f11ca78163,tetragon.hair,available,1.8,21.98,medium,low,8,namecheap,,,09/09/2026 07:24
6ab2567b-90e7-4649-86d7-e195daa75e1b,limbs.hair,available,1.8,21.98,medium,low,5,namecheap,,,29/09/2026 04:58
58313218-4515-4805-8acd-d059cae3f735,pebbly.hair,available,1.8,19.98,medium,low,6,namecheap,,,20/08/2026 18:47
c51706a9-e92f-4bd3-99aa-47fca4543229,windblown.hair,available,1.8,21.98,medium,low,9,namecheap,,,13/09/2026 12:08
25ea5999-4212-41df-9ce1-a39ea991a46a,denominate.hair,available,1.8,19.98,high,low,10,namecheap,,,14/08/2026 03:43
4d16f2b6-d30d-4faf-9d3c-bd4650953a65,downloaded.hair,available,1.24,13.97,medium,low,10,spaceship,,,30/09/2026 23:49
2d7553b0-0624-4f41-b7ea-e0dedd31d02d,resistible.hair,available,1.8,21.98,medium,low,10,namecheap,,,09/09/2026 15:20
ead92615-fa23-4cff-89ad-7b70d755ba5c,filetypes.hair,available,1.8,21.98,low,low,9,namecheap,,,20/09/2026 01:57
442b4078-e161-431c-be01-17d3b8d92f65,softly.hair,available,1.99,17.29,high,low,6,namesilo,,,27/09/2026 03:45
df070f60-b344-48c6-9bda-78ea9195db6e,huddersfield.hair,available,1.99,17.29,medium,low,12,namesilo,,,30/09/2026 04:49
c466f7db-fe07-44d0-9692-73f0e7dc5289,crusade.hair,available,1.24,13.97,medium,low,7,spaceship,,,28/09/2026 09:29
0b38d92e-2476-4319-b4a4-91337093a082,dreaded.hair,available,1.8,19.98,medium,low,7,namecheap,,,14/08/2026 08:53
b4450b73-3293-4c03-90e1-acca3c9a476a,xxxvii.hair,available,1.65,15.75,medium,low,6,namesilo,,,
9bbea9b9-5087-47d7-a5a4-c88cc6e3b7c1,adps.hair,available,1.99,17.29,medium,low,4,namesilo,,,17/09/2026 09:53
40948e65-cfac-4274-8554-56ed754d3d55,tre.hair,available,1.99,17.29,high,low,3,namesilo,,,29/09/2026 02:48
45ebd232-cdc4-4313-9844-1ce5a3a63ba7,cluster.hair,available,1.8,21.98,high,low,7,namecheap,,,24/09/2026 11:12
2712756e-e54b-42a0-99d9-baeea19060a6,taste.hair,premium,2660,2660,high,low,5,namesilo,,,29/09/2026 21:45
36ec6c55-0743-4c20-bf9f-f45ea98d9f5d,portuguese.hair,available,1.99,17.29,high,low,10,namesilo,,,25/09/2026 15:43
28e7da3b-0ba5-4864-83ee-a5a2b4f1ff80,donatus.hair,available,1.99,17.29,medium,low,7,namesilo,,,17/09/2026 12:26
a57de75a-a88b-4f09-aba1-be3d98826c87,assur.hair,available,1.99,17.29,medium,low,5,namesilo,,,20/09/2026 16:41